endpoint,condition,model,point_auroc,boot_mean,boot_sd,ci95_low,ci95_high,n_boot_valid
fluorescence340_450,full,xgboost,0.8843547195992756,0.884092686598486,0.004469783080578321,0.8749869076040141,0.8924223399618599,1000
fluorescence340_450,drop_pred_fluo340,xgboost,0.8744398339245215,0.8741454849179144,0.004523690942652541,0.8654063528939041,0.8828109117624503,1000
fluorescence340_450,drop_pred_trans340,xgboost,0.883766025979021,0.8835345463760689,0.004483781665461223,0.8743574564166865,0.8915025210189396,1000
fluorescence340_450,drop_RDkitFP-RDKit,xgboost,0.8823517627887123,0.8820827383816376,0.00450783443576129,0.8727663640285368,0.8905712404330642,1000
fluorescence340_450,drop_RDKit2D,xgboost,0.8833422232684527,0.8830943422819997,0.004548833957030437,0.8738686451409652,0.8914199439279495,1000
fluorescence340_450,drop_xtb3,xgboost,0.8835206834243455,0.8832341364908664,0.004418495688649321,0.8739365322889114,0.8912965632453785,1000
fluorescence340_450,drop_QM9,xgboost,0.8834699404911069,0.883228782858642,0.004493458441002684,0.8740172784018349,0.8914227237621367,1000
fluorescence340_450,drop_dyesChromophores,xgboost,0.8834623432251248,0.883217634878887,0.004498574451214408,0.8738593837841815,0.8912173047562385,1000
fluorescence340_450,drop_dyesSimMurcko,xgboost,0.8832814640392674,0.8830232195354873,0.004471925745990277,0.8737888697158119,0.8913621014193265,1000
fluorescence340_450,drop_pred_all,xgboost,0.8737571383117424,0.8735813479027249,0.004463632653605091,0.8651866209240529,0.8819601207947207,1000
fluorescence340_450,only_pred_fluo340,xgboost,0.8824208752307434,0.8821793475409213,0.004534065176184585,0.872857668731156,0.8908036367524091,1000
fluorescence340_450,only_pred_trans340,xgboost,0.7319607454936307,0.7317304894629795,0.00597595013509351,0.7200987781568396,0.7435070935534152,1000
fluorescence340_450,only_RDkitFP-RDKit,xgboost,0.8741005838706792,0.8739620917459384,0.004628820115462272,0.8644836729789837,0.8822709758953888,1000
fluorescence340_450,only_RDKit2D,xgboost,0.8448557589128215,0.8447895014074359,0.004846498392608738,0.8353474847782859,0.8542155622112699,1000
fluorescence340_450,only_xtb3,xgboost,0.7233576355131136,0.7233462121021981,0.005808909292240777,0.7117470102747049,0.734466786124106,1000
fluorescence340_450,only_QM9,xgboost,0.635608381878351,0.6357282590199611,0.006264550252474348,0.6240873712070653,0.6482969802838706,1000
fluorescence340_450,only_dyesChromophores,xgboost,0.6745123367882372,0.6745217933928461,0.006484242136430413,0.6620570387710109,0.6876820366758253,1000
fluorescence340_450,only_dyesSimMurcko,xgboost,0.7074049455404541,0.7076223133620347,0.006183884024444874,0.6952917794059307,0.7198655477208599,1000
fluorescence340_450,only_pred_all,xgboost,0.8816126546412151,0.881385388886908,0.004582257558010634,0.872037576932632,0.8901872138729119,1000
fluorescence340_450,full,catboost,0.8852083725953235,0.8849751250549601,0.004451027579271016,0.875699864260262,0.8936352624081016,1000
fluorescence340_450,drop_pred_fluo340,catboost,0.8667023586978453,0.8665152238155259,0.004532903024632927,0.8575975768552674,0.8752226853088045,1000
fluorescence340_450,drop_pred_trans340,catboost,0.8843491066938113,0.8841075267151505,0.004503202178455881,0.8752211832763341,0.8927263900264907,1000
fluorescence340_450,drop_RDkitFP-RDKit,catboost,0.885617774518135,0.8853961776315402,0.004412214147709648,0.8766250924299519,0.8936850094512129,1000
fluorescence340_450,drop_RDKit2D,catboost,0.8859326074882735,0.885725829107661,0.004460325030477989,0.876794555908146,0.8943020702634628,1000
fluorescence340_450,drop_xtb3,catboost,0.8861085352221724,0.8858594438713306,0.004403150558842011,0.8767401439187306,0.8943770236801476,1000
fluorescence340_450,drop_QM9,catboost,0.8856990388060031,0.8854592702180664,0.004458605909297535,0.8761948185718721,0.8936647361433829,1000
fluorescence340_450,drop_dyesChromophores,catboost,0.8854172974098311,0.8851920929584196,0.004457658915192353,0.876066413933022,0.8938580061476181,1000
fluorescence340_450,drop_dyesSimMurcko,catboost,0.8854988262791017,0.8852899150970059,0.004421732331844249,0.8763569632471307,0.8935328741834551,1000
fluorescence340_450,drop_pred_all,catboost,0.8624512726100872,0.862286966259959,0.004575607627923513,0.8531192611072564,0.871054533689178,1000
fluorescence340_450,only_pred_fluo340,catboost,0.8845245997582634,0.8842860729800497,0.0045131186141072884,0.8750441317569051,0.8928153701020866,1000
fluorescence340_450,only_pred_trans340,catboost,0.7434219960731585,0.7431684913349355,0.005872829751112636,0.7313469630319828,0.7549659104499112,1000
fluorescence340_450,only_RDkitFP-RDKit,catboost,0.8606577697768361,0.8605421446210922,0.004658071950077483,0.8513385626781543,0.869123008273305,1000
fluorescence340_450,only_RDKit2D,catboost,0.8360437619151401,0.835949465837645,0.004756958591343239,0.8265632073599594,0.8450345219418037,1000
fluorescence340_450,only_xtb3,catboost,0.7281579169974879,0.7280128468339281,0.005762454041266223,0.716772466997058,0.7390541880550502,1000
fluorescence340_450,only_QM9,catboost,0.6396642824858527,0.639828934591944,0.006240526956478855,0.6285978673404894,0.651917294080715,1000
fluorescence340_450,only_dyesChromophores,catboost,0.6784746322753177,0.6785212625881173,0.006377168937427773,0.666491051719861,0.6913084186096351,1000
fluorescence340_450,only_dyesSimMurcko,catboost,0.707460129661518,0.7076833352095468,0.006179233390344613,0.6952972991327011,0.7201106504138856,1000
fluorescence340_450,only_pred_all,catboost,0.8832664206966762,0.8830162591828131,0.004546185787777271,0.8736494535975312,0.891727013942862,1000
fluorescence480plus,full,xgboost,0.6324948364622831,0.6336442675081894,0.0569624452790971,0.5263426202673789,0.7453534599990366,1000
fluorescence480plus,drop_pred_fluo340,xgboost,0.6442817948413064,0.6443309117453987,0.05497393238401859,0.5380412576904499,0.7501176356365886,1000
fluorescence480plus,drop_pred_trans340,xgboost,0.6272057884468872,0.6290820906136706,0.05365008776802867,0.5202909451246851,0.7326603468046655,1000
fluorescence480plus,drop_RDkitFP-RDKit,xgboost,0.6376275470883813,0.6402129064170738,0.053013245899939276,0.5342179391166108,0.7424246959196406,1000
fluorescence480plus,drop_RDKit2D,xgboost,0.6267466849867663,0.6272022160361421,0.05461014024926329,0.5239631401687472,0.7368135402473314,1000
fluorescence480plus,drop_xtb3,xgboost,0.6608348416588498,0.6619323882773116,0.050924801339497894,0.5583796974067489,0.7624135515751905,1000
fluorescence480plus,drop_QM9,xgboost,0.6364638244088906,0.6381452242552217,0.05212782019273681,0.5374991167397503,0.7354377354826759,1000
fluorescence480plus,drop_dyesChromophores,xgboost,0.6314037776397898,0.6315344273164762,0.0528632536385618,0.5269643315368284,0.7378783230131161,1000
fluorescence480plus,drop_dyesSimMurcko,xgboost,0.6645395973981936,0.6646893073450674,0.04948857149160264,0.5658096351678253,0.7647244973088111,1000
fluorescence480plus,drop_pred_all,xgboost,0.6373093674721344,0.6371580687623349,0.051158358154009424,0.5421767523183054,0.7422953644819151,1000
fluorescence480plus,only_pred_fluo340,xgboost,0.5231225200706381,0.5214619982818647,0.04387265682866519,0.4293675791376523,0.6022064523612795,1000
fluorescence480plus,only_pred_trans340,xgboost,0.5855484800042278,0.5859024284803084,0.05122329612151007,0.4844008634950937,0.686076431771401,1000
fluorescence480plus,only_RDkitFP-RDKit,xgboost,0.6168478859221483,0.6169221991634424,0.05282582600558778,0.5202371503265034,0.7251507382756612,1000
fluorescence480plus,only_RDKit2D,xgboost,0.6366873208175344,0.6385147900944547,0.052934169950042624,0.5359707984382381,0.7372386307600479,1000
fluorescence480plus,only_xtb3,xgboost,0.49289765846225664,0.49014619299386425,0.04858585853597645,0.3888726399124424,0.5864166466874496,1000
fluorescence480plus,only_QM9,xgboost,0.5186558948003506,0.5169754359370768,0.04506916648736254,0.4235668147728473,0.6025476081235602,1000
fluorescence480plus,only_dyesChromophores,xgboost,0.48593183689826613,0.48580948351426684,0.06111376262217358,0.3610399517008723,0.6023081497143559,1000
fluorescence480plus,only_dyesSimMurcko,xgboost,0.5389070915520559,0.5387448798457317,0.06025975214725001,0.4205281424153325,0.6575948669983982,1000
fluorescence480plus,only_pred_all,xgboost,0.5464663346148595,0.5452796871289856,0.04384857299138411,0.4604202454470319,0.6298484639821558,1000
fluorescence480plus,full,catboost,0.5947261453365218,0.5945982321495779,0.05148872633636946,0.49719856263958123,0.6922126258086433,1000
fluorescence480plus,drop_pred_fluo340,catboost,0.6322900565016536,0.6330895284687297,0.05364819460938497,0.5243111739970593,0.7367998761372058,1000
fluorescence480plus,drop_pred_trans340,catboost,0.5903861313322147,0.5906052648800773,0.05985734574526674,0.47232719623067865,0.7130253030346259,1000
fluorescence480plus,drop_RDkitFP-RDKit,catboost,0.6194516741312265,0.6211372901291734,0.05224074838795741,0.5178005901298962,0.7241050783002069,1000
fluorescence480plus,drop_RDKit2D,catboost,0.5747953301361236,0.5738225424343221,0.05836312403598514,0.4501213058195925,0.6884783731573417,1000
fluorescence480plus,drop_xtb3,catboost,0.6645660206189199,0.664481193777532,0.05414502782429993,0.5603096016410074,0.7764297708277452,1000
fluorescence480plus,drop_QM9,catboost,0.5508878202164061,0.5534091646129906,0.05876257604906608,0.43605223229047124,0.6694384535009937,1000
fluorescence480plus,drop_dyesChromophores,catboost,0.5487750635258265,0.5494256223343329,0.056909647768926236,0.4354977101336207,0.6614259628997874,1000
fluorescence480plus,drop_dyesSimMurcko,catboost,0.618690905567813,0.6189531646152179,0.05845039040695453,0.5083206954261945,0.7329415895968371,1000
fluorescence480plus,drop_pred_all,catboost,0.6392327577475084,0.6388634124614752,0.0545328509692429,0.5235918253050617,0.7410812259283482,1000
fluorescence480plus,only_pred_fluo340,catboost,0.5017230141848656,0.50289213615243,0.04918373226678614,0.4012072570560683,0.6020673908897386,1000
fluorescence480plus,only_pred_trans340,catboost,0.5598298784972233,0.5605676712213813,0.04988983150585596,0.4609820799009521,0.6552214544157714,1000
fluorescence480plus,only_RDkitFP-RDKit,catboost,0.5482047623451489,0.5475944081236821,0.06332380863486085,0.41710681385525794,0.6764765165229173,1000
fluorescence480plus,only_RDKit2D,catboost,0.626032157059624,0.6295383715640018,0.04758504389602567,0.5418929095647007,0.7241385961079113,1000
fluorescence480plus,only_xtb3,catboost,0.4583658118754762,0.4557386849699111,0.048587316705493315,0.3585346042120552,0.5524123640825177,1000
fluorescence480plus,only_QM9,catboost,0.52636376847974,0.5258734125681818,0.03964582251295986,0.4416951564290583,0.6019275007088802,1000
fluorescence480plus,only_dyesChromophores,catboost,0.48736749855773254,0.48710390986529195,0.06242276815535425,0.3587581770918242,0.6067831789515816,1000
fluorescence480plus,only_dyesSimMurcko,catboost,0.5411156324177687,0.5411334230896339,0.05903764499703475,0.4287372631006678,0.655485815145262,1000
fluorescence480plus,only_pred_all,catboost,0.5713515037014528,0.5707693233824049,0.042750270491543195,0.4858969084277203,0.6511575358431261,1000
transmittance340,full,xgboost,0.857554099917365,0.8575029604082813,0.007433783198763927,0.8428901801912918,0.871631308311228,1000
transmittance340,drop_pred_fluo340,xgboost,0.8552323578810654,0.85516541883682,0.007642095361658957,0.8399488312552785,0.8690310204201701,1000
transmittance340,drop_pred_trans340,xgboost,0.8484035567061619,0.8483486485757947,0.007665513472594794,0.8330662193170737,0.8627854694362246,1000
transmittance340,drop_RDkitFP-RDKit,xgboost,0.8512514457191703,0.8511154739715421,0.007699430285508252,0.8361101921627202,0.8655821114062708,1000
transmittance340,drop_RDKit2D,xgboost,0.8596631810087803,0.8595819239830378,0.007421288801973857,0.8445985486803326,0.873762013020918,1000
transmittance340,drop_xtb3,xgboost,0.8516361314451029,0.8516464786064722,0.007700068849749854,0.8364635893724183,0.8663223823146111,1000
transmittance340,drop_QM9,xgboost,0.854306811233317,0.8542851348025408,0.007550769778158626,0.839412132518417,0.8683154220954742,1000
transmittance340,drop_dyesChromophores,xgboost,0.8549156624316838,0.8548361191124282,0.007525319711025531,0.8401976790420013,0.8685143591320807,1000
transmittance340,drop_dyesSimMurcko,xgboost,0.8554557333430242,0.8553268357131125,0.007452847752381306,0.8407847084956814,0.8693797844719593,1000
transmittance340,drop_pred_all,xgboost,0.8447490669976285,0.8446386569171932,0.007791350537892035,0.8294727658475967,0.8596018653192407,1000
transmittance340,only_pred_fluo340,xgboost,0.7408326690661917,0.7403961984067562,0.009259520371848035,0.7226399559121384,0.7579902497634996,1000
transmittance340,only_pred_trans340,xgboost,0.8519735152938128,0.8521674626573891,0.007847305633189436,0.836821727020551,0.8671508505130987,1000
transmittance340,only_RDkitFP-RDKit,xgboost,0.8393879571593119,0.8394251789755856,0.007945983638581431,0.8239653267077924,0.854789440963263,1000
transmittance340,only_RDKit2D,xgboost,0.8113709269034907,0.8112762278837712,0.008560192920955546,0.7954502211455292,0.8270402125158227,1000
transmittance340,only_xtb3,xgboost,0.7136283127114265,0.7136808963233245,0.00835013959981408,0.6975025769742728,0.7304006541704717,1000
transmittance340,only_QM9,xgboost,0.6554274509679998,0.6549847318865144,0.010171949418430448,0.6353163847065271,0.6739520561801745,1000
transmittance340,only_dyesChromophores,xgboost,0.6548649635094161,0.6543491723167629,0.009878745981810795,0.6354533611453854,0.6735862184267953,1000
transmittance340,only_dyesSimMurcko,xgboost,0.6496640776706698,0.6496282481468142,0.010123147672684537,0.6297005944227232,0.6705828016807049,1000
transmittance340,only_pred_all,xgboost,0.85801892233091,0.8581409205298767,0.007455946062585836,0.8439032222335463,0.8719687380498427,1000
transmittance340,full,catboost,0.8638271287227268,0.8638025526168719,0.007336168837656734,0.8496098033603036,0.8772431304610221,1000
transmittance340,drop_pred_fluo340,catboost,0.8627029931916897,0.8627817009731422,0.007353020972032716,0.8482968167686259,0.8766705336896791,1000
transmittance340,drop_pred_trans340,catboost,0.8499573591845827,0.849727247139724,0.007610467411475699,0.834792817264107,0.8636828739803084,1000
transmittance340,drop_RDkitFP-RDKit,catboost,0.8601860691922775,0.8600759040797811,0.0076360261141036915,0.8450354698103771,0.8741513641886307,1000
transmittance340,drop_RDKit2D,catboost,0.8656188231055943,0.8655985117083158,0.007370838534235224,0.8506170783418816,0.8795017886342777,1000
transmittance340,drop_xtb3,catboost,0.8600640125738068,0.8599961065899229,0.007539852556631531,0.8454690673941953,0.8740093853510824,1000
transmittance340,drop_QM9,catboost,0.8643027150290014,0.8642246661947623,0.00731132054738281,0.849668184951951,0.8777168681504106,1000
transmittance340,drop_dyesChromophores,catboost,0.8612781599234006,0.8612384816842947,0.007512643719493989,0.8461402677124475,0.8748502310396472,1000
transmittance340,drop_dyesSimMurcko,catboost,0.8621040171242671,0.8620898459946522,0.007393177033181046,0.8468318533910648,0.875304294220031,1000
transmittance340,drop_pred_all,catboost,0.846274922855477,0.8461819566841154,0.007688759557934468,0.8308155655409897,0.8611252202444677,1000
transmittance340,only_pred_fluo340,catboost,0.755931053020763,0.7555643209064007,0.009001373551638815,0.7378101130341149,0.7729146072500601,1000
transmittance340,only_pred_trans340,catboost,0.8559124087735402,0.8561362540332491,0.007850338690612064,0.8408671894481419,0.8713510902474803,1000
transmittance340,only_RDkitFP-RDKit,catboost,0.8407161128956568,0.8405349641797304,0.008030982779757086,0.8250109321560021,0.8559975494626975,1000
transmittance340,only_RDKit2D,catboost,0.8124265784014295,0.8123300954476589,0.008255626678662817,0.7962104814243136,0.8284136653487808,1000
transmittance340,only_xtb3,catboost,0.7379519946184487,0.7377060660599314,0.008337093293370651,0.7215800045592652,0.7540590095231369,1000
transmittance340,only_QM9,catboost,0.6633951509947023,0.663058312740819,0.009743838772990414,0.6445677326505173,0.6817360074817248,1000
transmittance340,only_dyesChromophores,catboost,0.6587138945462416,0.6582504902536452,0.009805596563122318,0.6400055028630611,0.6773793102542967,1000
transmittance340,only_dyesSimMurcko,catboost,0.6506017707294797,0.6505651270947199,0.01016444221577669,0.6306508396089052,0.6712750918846625,1000
transmittance340,only_pred_all,catboost,0.859426967876594,0.859472698271588,0.007671545970324829,0.8441399460463567,0.8734986800118434,1000
transmittance450plus,full,xgboost,0.6983288709240721,0.698793048785408,0.017922070542537916,0.6637042525646805,0.7332245136283406,1000
transmittance450plus,drop_pred_fluo340,xgboost,0.7123991427244849,0.7126527130558945,0.018153315751768116,0.6765838024369715,0.7468309052608072,1000
transmittance450plus,drop_pred_trans340,xgboost,0.6793812407732878,0.679683996976051,0.019251520997472682,0.643200935852168,0.717810205822161,1000
transmittance450plus,drop_RDkitFP-RDKit,xgboost,0.6893434622230807,0.6893476680854512,0.018293072428272657,0.6518979958549433,0.7246554419031295,1000
transmittance450plus,drop_RDKit2D,xgboost,0.6963393625091655,0.6963662380741414,0.017664816696301877,0.6614564831022234,0.7304735060723111,1000
transmittance450plus,drop_xtb3,xgboost,0.6940071541113306,0.6942963426918423,0.01802821175487528,0.6601168340828633,0.728190585035316,1000
transmittance450plus,drop_QM9,xgboost,0.6935241845425816,0.693829068216018,0.018464504285570445,0.6580199040575522,0.7288701742827728,1000
transmittance450plus,drop_dyesChromophores,xgboost,0.6916107914068024,0.6918152650126712,0.018217995484360126,0.6578037779897687,0.7254160224215228,1000
transmittance450plus,drop_dyesSimMurcko,xgboost,0.6954803472161561,0.6957879414919951,0.017951499533876977,0.6621618083745905,0.7332594471786865,1000
transmittance450plus,drop_pred_all,xgboost,0.6835144816567614,0.6834318745409164,0.01962040913160341,0.6468567314513863,0.7213727572006403,1000
transmittance450plus,only_pred_fluo340,xgboost,0.5758843961140614,0.5754941312884706,0.021722224227576924,0.5311494603599648,0.6179546921471633,1000
transmittance450plus,only_pred_trans340,xgboost,0.6637705407048203,0.6643519644288443,0.018177000393803128,0.6288522359278504,0.6976824202988414,1000
transmittance450plus,only_RDkitFP-RDKit,xgboost,0.6121313981688113,0.6128273109964413,0.021511241328101293,0.5744925496468754,0.6559060483080602,1000
transmittance450plus,only_RDKit2D,xgboost,0.6390212952428312,0.6394632338525518,0.02160192436416343,0.5970513334437159,0.6813257810904075,1000
transmittance450plus,only_xtb3,xgboost,0.6458064286964751,0.6459582176853371,0.019390857679536112,0.606128153694782,0.6820444200750712,1000
transmittance450plus,only_QM9,xgboost,0.5525242544961477,0.5525347073669741,0.020257953492321193,0.5158015757339393,0.594833501615419,1000
transmittance450plus,only_dyesChromophores,xgboost,0.5549178987978498,0.554939673417752,0.020093983873792645,0.5151233142371496,0.5940634884638699,1000
transmittance450plus,only_dyesSimMurcko,xgboost,0.535810970241463,0.5357756743343652,0.01963912759078733,0.4988823499284226,0.5734317198164279,1000
transmittance450plus,only_pred_all,xgboost,0.6645795373858316,0.6645729878854044,0.018600663330303566,0.6271732246500396,0.6994865219828686,1000
transmittance450plus,full,catboost,0.700949773702026,0.7005318814128775,0.018343466043938782,0.6638805169495646,0.7349523244037651,1000
transmittance450plus,drop_pred_fluo340,catboost,0.7009376315027367,0.7008747321079605,0.01933550876102461,0.6643761556787752,0.7364088992977283,1000
transmittance450plus,drop_pred_trans340,catboost,0.6664070289923099,0.6668464417842556,0.02006357345424247,0.6267240163672352,0.7040461742144725,1000
transmittance450plus,drop_RDkitFP-RDKit,catboost,0.6959856076880782,0.6959520714032473,0.018744421874373474,0.6592861633509435,0.7317575267961914,1000
transmittance450plus,drop_RDKit2D,catboost,0.7094333652413417,0.7099587911765881,0.01781225857225119,0.6758857818545373,0.7431588851857565,1000
transmittance450plus,drop_xtb3,catboost,0.6802641780111658,0.6805597139538332,0.01876344818229443,0.6411379617682166,0.7160704746946628,1000
transmittance450plus,drop_QM9,catboost,0.697937058463421,0.6982892786214975,0.018882612860426428,0.6620177127355465,0.7337529790259226,1000
transmittance450plus,drop_dyesChromophores,catboost,0.6951142689689244,0.6956962307103142,0.018080144670556395,0.6603763155598352,0.7311176437426676,1000
transmittance450plus,drop_dyesSimMurcko,catboost,0.711522185972824,0.7116127400294626,0.018251868053959234,0.6752970131631983,0.746995350215279,1000
transmittance450plus,drop_pred_all,catboost,0.6775173225689415,0.6779347912793905,0.019302063331169583,0.6391341940958303,0.7159313846887,1000
transmittance450plus,only_pred_fluo340,catboost,0.5443260952535599,0.5434807728945558,0.02143793513232748,0.5008234171575854,0.5844783873136253,1000
transmittance450plus,only_pred_trans340,catboost,0.6624017342685122,0.662786648807679,0.018053974258566998,0.6279593783904944,0.6982706288296315,1000
transmittance450plus,only_RDkitFP-RDKit,catboost,0.6392933167522843,0.6396561230773019,0.020742614361293907,0.598941090275557,0.6796771652466648,1000
transmittance450plus,only_RDKit2D,catboost,0.6280193753255287,0.6283592065077049,0.02102056426104162,0.5857951723413882,0.6706467707489505,1000
transmittance450plus,only_xtb3,catboost,0.6497829083503173,0.6500402162526451,0.019256502079404766,0.6106683565086148,0.6845467359116232,1000
transmittance450plus,only_QM9,catboost,0.555785069299337,0.5558640195942559,0.020628910463579477,0.5162332224252097,0.595146151104197,1000
transmittance450plus,only_dyesChromophores,catboost,0.5592267485038818,0.5592831761481221,0.020000526170887312,0.520254327958338,0.5990419332234895,1000
transmittance450plus,only_dyesSimMurcko,catboost,0.5383592010505358,0.538314051368875,0.019070608566990922,0.5021697138347537,0.5755604217517,1000
transmittance450plus,only_pred_all,catboost,0.6617326447196112,0.6619502367136538,0.0185300861570942,0.6245113033326126,0.6990654565382468,1000
