feature,importance
pred_fluo340::extra_tree,5.588296628943838
pred_trans340::lgbm,3.9995605416377558
pred_trans340::rf,3.8971107296407124
pred_trans340::xgb_limitdepth,3.1112455871737215
pred_trans340::extra_tree,2.2780989910521066
pred_trans340::xgboost,1.72596704641701
xtb3::xtb_dipole_z,1.01306833375877
QM9::alpha,0.9981081360691844
RDKit2D::PEOE_VSA9,0.9323817141934687
RDKit2D::SPS,0.8761475918692642
RDKit2D::BCUT2D_CHGLO,0.8016814006300753
RDKit2D::AvgIpc,0.7291734061660645
pred_fluo340::xgboost,0.7283678359465472
xtb3::xtb_dipole_y,0.6770682361774197
RDKit2D::FpDensityMorgan3,0.6763967067721515
xtb3::xtb_quadrupole_yz,0.6329386091653366
RDKit2D::VSA_EState4,0.6073034198877901
RDKit2D::MinAbsEStateIndex,0.6062584726898829
RDKit2D::FpDensityMorgan1,0.5735680560337659
xtb3::xtb_gradient_norm,0.5374949491461137
RDkitFP-RDKit::bit1815,0.5276884397147436
xtb3::xtb_quadrupole_xz,0.5244225564874172
xtb3::xtb_gap_eV,0.523152869222109
xtb3::xtb_anisotropic_es_Eh,0.5223447609544997
RDKit2D::EState_VSA6,0.5181565577376955
RDKit2D::BCUT2D_MRLOW,0.4606876060469591
xtb3::xtb_quadrupole_xy,0.45747481740005547
xtb3::xtb_quadrupole_zz,0.45571481900781047
RDkitFP-RDKit::bit1355,0.45488675539405227
RDKit2D::qed,0.4445954151952708
RDKit2D::BalabanJ,0.44419377324672005
RDKit2D::LabuteASA,0.4393198808405275
RDKit2D::EState_VSA8,0.43680741888459845
RDKit2D::BCUT2D_LOGPHI,0.4315007037911033
RDKit2D::Kappa3,0.4162007805998033
RDKit2D::PEOE_VSA7,0.40881985034456275
RDKit2D::SMR_VSA7,0.3987210683572585
xtb3::xtb_quadrupole_xx,0.3974429218424798
RDkitFP-RDKit::bit1003,0.3964080150445741
xtb3::xtb_fermi_level_eV,0.39450265241480775
RDKit2D::Chi2v,0.3938237041131776
xtb3::xtb_isotropic_es_Eh,0.39179213294971355
RDKit2D::EState_VSA7,0.3897786860180039
RDKit2D::FpDensityMorgan2,0.38757752246707766
RDKit2D::MaxEStateIndex,0.3870835106595083
RDKit2D::EState_VSA3,0.38560041378297183
RDKit2D::VSA_EState7,0.38401403653699356
RDKit2D::BCUT2D_LOGPLOW,0.37717120590517045
pred_fluo340::rf,0.37661251806387025
RDKit2D::HeavyAtomMolWt,0.37462155053972596
RDKit2D::SMR_VSA6,0.3637296449124988
QM9::r2,0.3631550100430936
RDKit2D::VSA_EState8,0.3573589150338258
xtb3::xtb_gap_to_wavelength_nm,0.3562726267337498
RDKit2D::Chi1v,0.34224513141408824
RDKit2D::PEOE_VSA1,0.3387463669729842
xtb3::xtb_total_energy_Eh,0.3349605384453345
RDKit2D::PEOE_VSA10,0.33333987653083613
RDKit2D::PEOE_VSA2,0.32324230215983124
xtb3::xtb_repulsion_Eh,0.32168899919805016
RDKit2D::TPSA,0.32087079413876474
xtb3::xtb_dipole_x,0.31324703072040294
RDKit2D::PEOE_VSA6,0.3107765028854884
pred_fluo340::xgb_limitdepth,0.30524206776174423
RDKit2D::MaxAbsPartialCharge,0.30367868012699684
RDKit2D::Kappa1,0.3031062001710522
pred_fluo340::catboost,0.2944404162952954
RDKit2D::SlogP_VSA12,0.2930531049803613
RDKit2D::Ipc,0.28975826023525453
RDKit2D::BCUT2D_CHGHI,0.28815868326347954
RDKit2D::ExactMolWt,0.2874146262526812
RDKit2D::MolLogP,0.28507697349795713
RDKit2D::VSA_EState2,0.2844421298759753
RDKit2D::PEOE_VSA3,0.2815594680345122
RDKit2D::EState_VSA5,0.26413710635708704
RDKit2D::EState_VSA4,0.2621668459876374
RDKit2D::VSA_EState6,0.2565869397225069
RDKit2D::VSA_EState9,0.25313510194606514
RDkitFP-RDKit::bit1087,0.24841417748569355
RDKit2D::VSA_EState10,0.24414066791831657
RDKit2D::SlogP_VSA5,0.24325775712071113
RDKit2D::SlogP_VSA6,0.23760618944087158
RDKit2D::NumValenceElectrons,0.2342692220298337
QM9::lumo,0.23392359309694408
RDKit2D::Chi4v,0.232658614604286
RDKit2D::BCUT2D_MWHI,0.23146871306772202
RDKit2D::VSA_EState1,0.2234137194433437
RDkitFP-RDKit::bit707,0.22338474893939014
QM9::homo,0.2196676690853745
RDKit2D::SlogP_VSA3,0.21065583895269116
RDkitFP-RDKit::bit983,0.2056827308320336
RDkitFP-RDKit::bit1686,0.20185263994233082
QM9::gap,0.20064079067857105
RDKit2D::MinEStateIndex,0.2004390584249141
RDKit2D::MinPartialCharge,0.19832398378335067
RDKit2D::Chi4n,0.19604788182615446
RDKit2D::SlogP_VSA2,0.1926869188221447
RDKit2D::Chi3n,0.19122073192285752
RDKit2D::fr_pyridine,0.19112245723721893
RDKit2D::SMR_VSA3,0.1911025648012826
xtb3::xtb_dipole_D,0.18294829352477585
RDKit2D::SMR_VSA5,0.18145457060858197
RDKit2D::fr_bicyclic,0.179568121935496
xtb3::xtb_scc_energy_Eh,0.17952706402271934
RDKit2D::MolMR,0.17845123321361464
RDKit2D::BCUT2D_MRHI,0.17813939152929292
xtb3::xtb_dispersion_Eh,0.17700651379857238
RDKit2D::HeavyAtomCount,0.17557758330583884
RDKit2D::SMR_VSA10,0.17503336429322464
RDkitFP-RDKit::bit598,0.17497851041602938
RDKit2D::EState_VSA2,0.174938062035531
RDkitFP-RDKit::bit1894,0.1741320695868056
RDkitFP-RDKit::bit1057,0.17193422888520515
RDKit2D::PEOE_VSA13,0.17116148336772957
RDkitFP-RDKit::bit1952,0.16808876078236387
RDkitFP-RDKit::bit1367,0.16631454874738885
RDKit2D::Chi0,0.16612604968979472
RDKit2D::PEOE_VSA11,0.16248094670768076
RDkitFP-RDKit::bit1214,0.16117644646943238
RDKit2D::PEOE_VSA8,0.16051160506550768
xtb3::xtb_quadrupole_yy,0.15946184209540162
RDkitFP-RDKit::bit1385,0.15689140850865727
RDKit2D::VSA_EState5,0.15147588665129808
RDkitFP-RDKit::bit793,0.15062550506910594
RDkitFP-RDKit::bit267,0.1492362289331839
RDkitFP-RDKit::bit268,0.14804988906768696
RDKit2D::PEOE_VSA12,0.14761401432788018
RDKit2D::Chi2n,0.14696498311681064
RDKit2D::SlogP_VSA11,0.14578706292494803
RDkitFP-RDKit::bit1485,0.13986659387972633
RDKit2D::MolWt,0.13872299909438332
RDKit2D::SMR_VSA4,0.1382734048145235
RDkitFP-RDKit::bit1863,0.13775031545721472
RDKit2D::SlogP_VSA1,0.1373227078817006
RDkitFP-RDKit::bit1424,0.13568808803082194
RDkitFP-RDKit::bit1100,0.13559763498963365
RDKit2D::BertzCT,0.13537052651934067
RDkitFP-RDKit::bit1315,0.1334867157344994
RDKit2D::Chi0v,0.1306593236333818
RDkitFP-RDKit::bit1590,0.13015309051664625
RDKit2D::PEOE_VSA4,0.12832436422561108
RDkitFP-RDKit::bit1877,0.12783380864498212
RDkitFP-RDKit::bit827,0.12447346023155688
RDKit2D::NOCount,0.12416536657195056
RDkitFP-RDKit::bit85,0.12332470466436671
RDKit2D::MaxAbsEStateIndex,0.12281386901796294
RDkitFP-RDKit::bit839,0.12280843800884357
RDkitFP-RDKit::bit526,0.12213698243354201
RDkitFP-RDKit::bit1073,0.12175244758316194
RDKit2D::fr_morpholine,0.12125469629198403
RDkitFP-RDKit::bit125,0.12042091700187302
RDKit2D::MinAbsPartialCharge,0.12020127558688265
RDKit2D::EState_VSA9,0.12003984690233502
RDkitFP-RDKit::bit1825,0.11998809538763265
RDKit2D::HallKierAlpha,0.1192157533305839
RDKit2D::SMR_VSA2,0.11899218985019094
RDkitFP-RDKit::bit1444,0.11666723379001478
RDkitFP-RDKit::bit1869,0.11525864744427729
RDKit2D::Chi3v,0.11386319174835646
RDkitFP-RDKit::bit536,0.11285580448446085
RDkitFP-RDKit::bit580,0.11208541052441551
RDkitFP-RDKit::bit1980,0.11118911085678836
RDKit2D::BCUT2D_MWLOW,0.11050063293352816
RDkitFP-RDKit::bit41,0.10993278059953936
RDkitFP-RDKit::bit1574,0.10990086771370126
RDkitFP-RDKit::bit1201,0.10979448543760414
RDkitFP-RDKit::bit86,0.10970448547538102
RDkitFP-RDKit::bit743,0.10794846310388768
RDkitFP-RDKit::bit589,0.1077671357016614
RDkitFP-RDKit::bit1806,0.10757316342403987
RDkitFP-RDKit::bit1358,0.10696684565075858
RDkitFP-RDKit::bit1763,0.10674513129378253
RDkitFP-RDKit::bit1571,0.1066791723089915
RDkitFP-RDKit::bit457,0.10654578755335806
RDkitFP-RDKit::bit404,0.10631535398282806
RDKit2D::Chi1,0.10618263542285308
RDkitFP-RDKit::bit1744,0.10595134243245936
RDkitFP-RDKit::bit1118,0.10405889729176641
RDkitFP-RDKit::bit276,0.10381103759616463
RDkitFP-RDKit::bit418,0.10367336630104568
RDkitFP-RDKit::bit1356,0.10358907429906442
RDkitFP-RDKit::bit138,0.10235199325768407
RDkitFP-RDKit::bit39,0.10204732772349479
RDKit2D::Kappa2,0.1015690507305283
RDkitFP-RDKit::bit103,0.1015603875491418
RDkitFP-RDKit::bit1469,0.1013409878042177
RDkitFP-RDKit::bit490,0.10107329031868043
RDKit2D::fr_ketone,0.10098543931780493
RDkitFP-RDKit::bit299,0.1007225969575562
RDkitFP-RDKit::bit1884,0.1004303572224158
RDKit2D::SlogP_VSA7,0.10010225066780525
RDkitFP-RDKit::bit1258,0.09961243210203917
RDkitFP-RDKit::bit497,0.09928903803338324
RDkitFP-RDKit::bit1210,0.09882268511369684
RDkitFP-RDKit::bit284,0.09840665591940609
RDkitFP-RDKit::bit684,0.09805208527639023
RDkitFP-RDKit::bit1265,0.09572900646402432
RDkitFP-RDKit::bit775,0.09556995371862508
RDKit2D::Chi1n,0.09409444012904183
RDkitFP-RDKit::bit433,0.09381193001744878
RDkitFP-RDKit::bit963,0.09378109857736873
RDkitFP-RDKit::bit1036,0.09363107671331067
RDkitFP-RDKit::bit1524,0.09267716592981902
RDKit2D::NumAromaticRings,0.0925376618900503
RDkitFP-RDKit::bit908,0.0924029865536137
RDKit2D::VSA_EState3,0.09204502986013584
RDkitFP-RDKit::bit1666,0.0908152520331999
RDkitFP-RDKit::bit508,0.09020959954003864
RDkitFP-RDKit::bit1020,0.08949804383502552
RDkitFP-RDKit::bit272,0.08876378336914256
RDkitFP-RDKit::bit1848,0.08828382400166095
RDkitFP-RDKit::bit1341,0.0882573915178238
RDkitFP-RDKit::bit1381,0.0879482122924528
RDkitFP-RDKit::bit29,0.08736591937049862
RDkitFP-RDKit::bit961,0.08715333918519995
RDkitFP-RDKit::bit286,0.08688785947439419
RDkitFP-RDKit::bit1119,0.08640398587970809
RDkitFP-RDKit::bit1202,0.08468583288278289
RDkitFP-RDKit::bit1587,0.0839533338199361
RDkitFP-RDKit::bit718,0.08325516328100098
RDkitFP-RDKit::bit1900,0.08323364588912627
RDkitFP-RDKit::bit1834,0.08307150771011856
RDkitFP-RDKit::bit844,0.08299636987150359
RDkitFP-RDKit::bit771,0.08294337026756252
RDkitFP-RDKit::bit1222,0.08257933874364869
RDkitFP-RDKit::bit1683,0.0823707565241043
RDKit2D::fr_Al_OH,0.0821805008018202
RDkitFP-RDKit::bit335,0.08207177834822374
RDkitFP-RDKit::bit1960,0.08191148772616266
RDkitFP-RDKit::bit439,0.0815761392388885
RDkitFP-RDKit::bit1602,0.080805706493234
RDkitFP-RDKit::bit616,0.08061868121074352
RDkitFP-RDKit::bit1390,0.0803059566589088
dyesChromophores::1,0.07916902746680676
RDkitFP-RDKit::bit921,0.07881834616970523
RDkitFP-RDKit::bit491,0.07849934198297821
RDkitFP-RDKit::bit16,0.07844609878225703
RDkitFP-RDKit::bit1287,0.07838785672761016
RDkitFP-RDKit::bit529,0.07826625119325371
RDkitFP-RDKit::bit1832,0.07814696508358
dyesSimMurcko::2,0.07784934074362065
RDkitFP-RDKit::bit2013,0.0777796641230422
RDkitFP-RDKit::bit547,0.07770903803023092
RDkitFP-RDKit::bit912,0.07743007632021491
RDkitFP-RDKit::bit157,0.07722676184997042
RDKit2D::fr_Ar_N,0.07696758362319683
RDkitFP-RDKit::bit141,0.07658015401378433
RDkitFP-RDKit::bit838,0.07513784913699223
RDkitFP-RDKit::bit1,0.0750091061089502
RDkitFP-RDKit::bit467,0.07448851399914465
RDkitFP-RDKit::bit1038,0.07433027937173989
RDkitFP-RDKit::bit1141,0.07369668534778821
RDkitFP-RDKit::bit1931,0.07353935270209293
RDkitFP-RDKit::bit1947,0.07351934749124396
RDkitFP-RDKit::bit1662,0.07338445266237456
RDkitFP-RDKit::bit1709,0.07298606237719613
RDKit2D::fr_alkyl_halide,0.07271268148193291
RDkitFP-RDKit::bit364,0.07156498349095773
RDkitFP-RDKit::bit733,0.07151552278285705
RDkitFP-RDKit::bit118,0.07139734956526263
RDKit2D::SlogP_VSA8,0.07090726319746415
RDkitFP-RDKit::bit1048,0.07089669496130742
RDkitFP-RDKit::bit1499,0.07048582451503056
RDKit2D::NumAliphaticRings,0.07045927685872351
RDkitFP-RDKit::bit1597,0.0701796520188996
RDkitFP-RDKit::bit1438,0.06942261108465053
RDkitFP-RDKit::bit11,0.06939986318856703
RDkitFP-RDKit::bit1680,0.06889553589060343
RDkitFP-RDKit::bit1014,0.06860742175925026
RDkitFP-RDKit::bit738,0.06842026184419578
RDkitFP-RDKit::bit419,0.0682371873268504
RDkitFP-RDKit::bit64,0.06792678494489628
RDkitFP-RDKit::bit3,0.06785151294648735
RDkitFP-RDKit::bit318,0.06763277384017652
RDkitFP-RDKit::bit1495,0.06707313959614765
RDkitFP-RDKit::bit749,0.06704125827662384
RDkitFP-RDKit::bit920,0.06658608274314697
RDkitFP-RDKit::bit506,0.06657667365246775
RDkitFP-RDKit::bit438,0.06651770493008395
RDkitFP-RDKit::bit105,0.06604544623917658
RDkitFP-RDKit::bit978,0.06483738114249363
RDkitFP-RDKit::bit1232,0.06471767712973601
RDkitFP-RDKit::bit225,0.06470739195441182
RDkitFP-RDKit::bit297,0.06449506022826335
RDkitFP-RDKit::bit1989,0.0644221655556238
RDkitFP-RDKit::bit475,0.06412585129625047
RDkitFP-RDKit::bit518,0.06411669318562242
RDkitFP-RDKit::bit583,0.06408359162568993
RDkitFP-RDKit::bit1347,0.06398553697394994
RDKit2D::fr_Ndealkylation1,0.06396818983443867
RDkitFP-RDKit::bit102,0.06393170979662123
RDKit2D::fr_NH0,0.06385994345374
RDKit2D::SMR_VSA1,0.06359591682174787
RDkitFP-RDKit::bit46,0.06358464128794795
RDkitFP-RDKit::bit25,0.06334741335779408
RDkitFP-RDKit::bit307,0.06324878952290754
RDkitFP-RDKit::bit1911,0.06310402624726935
RDkitFP-RDKit::bit1956,0.06305658303907913
RDkitFP-RDKit::bit1721,0.06303855832300795
RDkitFP-RDKit::bit1299,0.06298471126616864
RDkitFP-RDKit::bit1140,0.06291072014258832
RDKit2D::FractionCSP3,0.06281234829866036
RDkitFP-RDKit::bit230,0.06261650829707024
RDkitFP-RDKit::bit1868,0.06252623006960611
RDkitFP-RDKit::bit584,0.06242642893514852
RDKit2D::SlogP_VSA10,0.06223157782143181
RDkitFP-RDKit::bit80,0.06216916334134615
RDkitFP-RDKit::bit402,0.06204217393859731
RDkitFP-RDKit::bit825,0.061900264682088306
RDKit2D::fr_C_O_noCOO,0.06189168635030598
RDkitFP-RDKit::bit24,0.06188053134338746
RDkitFP-RDKit::bit370,0.06176350561246245
RDkitFP-RDKit::bit1133,0.061718727339164794
RDkitFP-RDKit::bit245,0.06162465876816121
RDkitFP-RDKit::bit2011,0.06155233962501552
RDkitFP-RDKit::bit338,0.06154016955818382
RDKit2D::fr_para_hydroxylation,0.06145144380145303
RDkitFP-RDKit::bit1470,0.06084981612601816
RDkitFP-RDKit::bit948,0.060689658751366636
RDKit2D::fr_thiophene,0.06045220355010798
RDkitFP-RDKit::bit470,0.060239319374505745
RDkitFP-RDKit::bit1346,0.059036005906071144
RDkitFP-RDKit::bit1741,0.0589662154785874
RDKit2D::fr_NH1,0.05870728648558026
RDkitFP-RDKit::bit1643,0.058304041691024946
RDkitFP-RDKit::bit479,0.058249514817894026
RDkitFP-RDKit::bit910,0.05768281316146791
RDkitFP-RDKit::bit473,0.05761853216583621
RDkitFP-RDKit::bit965,0.05742102566888457
RDKit2D::MaxPartialCharge,0.05737344990749144
RDkitFP-RDKit::bit645,0.05725709897748998
RDkitFP-RDKit::bit291,0.05717836424042556
RDkitFP-RDKit::bit270,0.05703773480158612
RDkitFP-RDKit::bit197,0.05684987580063437
RDkitFP-RDKit::bit242,0.05677543587652349
RDKit2D::fr_priamide,0.05648676190305128
RDkitFP-RDKit::bit40,0.05647994655744806
RDkitFP-RDKit::bit947,0.05634330620286224
RDkitFP-RDKit::bit344,0.055944328965001684
RDkitFP-RDKit::bit1771,0.05588966357424099
RDkitFP-RDKit::bit1619,0.05588398041830929
RDkitFP-RDKit::bit1750,0.055707591620511275
RDkitFP-RDKit::bit1213,0.05559526000722144
RDkitFP-RDKit::bit1373,0.05547419118180723
RDkitFP-RDKit::bit306,0.05544814575171148
RDkitFP-RDKit::bit1160,0.05544368637631837
RDKit2D::RingCount,0.055378329973805394
RDkitFP-RDKit::bit1543,0.055356333556997366
RDkitFP-RDKit::bit68,0.054987855229249816
RDkitFP-RDKit::bit558,0.05495254313657666
RDkitFP-RDKit::bit813,0.05494578692577957
RDkitFP-RDKit::bit535,0.054833818778595965
RDkitFP-RDKit::bit1231,0.054534805270096354
RDkitFP-RDKit::bit1236,0.05436488212621172
RDkitFP-RDKit::bit1812,0.054072379196434955
RDkitFP-RDKit::bit1019,0.053737848283666206
RDkitFP-RDKit::bit113,0.053554343611519555
RDkitFP-RDKit::bit1122,0.05345932463693727
RDkitFP-RDKit::bit63,0.053194073484033134
RDkitFP-RDKit::bit220,0.05313314261913915
RDKit2D::NumRotatableBonds,0.05287765888303058
RDKit2D::NumHDonors,0.052850054863908806
RDkitFP-RDKit::bit413,0.05270531423255626
RDkitFP-RDKit::bit708,0.052672044580101975
RDkitFP-RDKit::bit198,0.05264476242204811
RDkitFP-RDKit::bit1537,0.05263192704402186
RDKit2D::fr_Al_OH_noTert,0.05246581765028586
RDkitFP-RDKit::bit591,0.05242053448266043
RDkitFP-RDKit::bit1017,0.052411935511155146
RDkitFP-RDKit::bit1465,0.05237356157405428
RDkitFP-RDKit::bit1932,0.05217326173308054
RDkitFP-RDKit::bit970,0.052160041119634994
RDkitFP-RDKit::bit1791,0.0520978884789807
RDkitFP-RDKit::bit500,0.052024930546274585
RDkitFP-RDKit::bit434,0.05176981852912586
RDkitFP-RDKit::bit1304,0.05176205732035563
RDkitFP-RDKit::bit1562,0.05140977749649915
RDkitFP-RDKit::bit1821,0.051250775889000566
RDkitFP-RDKit::bit1530,0.05096920430324304
RDkitFP-RDKit::bit820,0.050932032630632944
RDkitFP-RDKit::bit1435,0.05090130471908098
RDKit2D::EState_VSA1,0.050872028015784936
RDkitFP-RDKit::bit737,0.05078979902593414
RDkitFP-RDKit::bit1479,0.05077021236165532
dyesChromophores::19,0.05065682350032016
RDkitFP-RDKit::bit34,0.050620011247052184
RDkitFP-RDKit::bit876,0.0505883966537454
RDkitFP-RDKit::bit1550,0.050502380171184455
RDkitFP-RDKit::bit1854,0.05049756608805869
RDKit2D::fr_benzene,0.05039478001724965
RDkitFP-RDKit::bit1725,0.05033786561161442
RDkitFP-RDKit::bit1235,0.05016220923720999
RDkitFP-RDKit::bit134,0.05016015122495667
RDkitFP-RDKit::bit1431,0.05008165851498721
RDkitFP-RDKit::bit1184,0.04987991117010245
RDkitFP-RDKit::bit1756,0.04970923594359066
RDkitFP-RDKit::bit1668,0.04969443500991239
RDkitFP-RDKit::bit168,0.04968887145181852
RDkitFP-RDKit::bit255,0.04967556822148185
RDkitFP-RDKit::bit1886,0.04966499611607111
RDkitFP-RDKit::bit59,0.04926862563151392
RDkitFP-RDKit::bit1294,0.04918317649065895
RDkitFP-RDKit::bit745,0.04903416320208873
RDkitFP-RDKit::bit1679,0.048592664164379976
RDkitFP-RDKit::bit1545,0.048367952344099824
RDkitFP-RDKit::bit728,0.04832830126244142
RDkitFP-RDKit::bit1645,0.04818004899380446
RDkitFP-RDKit::bit1780,0.04811185727038084
RDkitFP-RDKit::bit108,0.04805732783211273
RDkitFP-RDKit::bit235,0.04789792385250389
RDkitFP-RDKit::bit954,0.047878924506719184
RDkitFP-RDKit::bit1843,0.04787344245321187
RDkitFP-RDKit::bit1752,0.0478529317833824
RDkitFP-RDKit::bit131,0.04781089092449481
RDkitFP-RDKit::bit1196,0.0477675482099488
RDkitFP-RDKit::bit1889,0.047734310551165726
RDkitFP-RDKit::bit310,0.04765344074532135
RDkitFP-RDKit::bit1108,0.047608498431848875
RDkitFP-RDKit::bit1781,0.0474741878126966
RDkitFP-RDKit::bit2033,0.04746669862061546
RDkitFP-RDKit::bit1575,0.04736383660890483
RDkitFP-RDKit::bit65,0.04728774224281794
RDkitFP-RDKit::bit722,0.04719759799273284
RDkitFP-RDKit::bit1158,0.04705005215776863
RDkitFP-RDKit::bit1030,0.046848134494044166
RDkitFP-RDKit::bit1244,0.04677786899597645
RDkitFP-RDKit::bit1466,0.04671489881969571
RDkitFP-RDKit::bit1572,0.04659794707672817
RDkitFP-RDKit::bit2,0.046587348540420244
RDkitFP-RDKit::bit207,0.04644202984701783
RDkitFP-RDKit::bit136,0.04628366740011775
RDkitFP-RDKit::bit1667,0.04610810019357794
RDkitFP-RDKit::bit776,0.046073034756550606
RDkitFP-RDKit::bit99,0.0460501460581192
RDkitFP-RDKit::bit1102,0.045999760821749724
RDkitFP-RDKit::bit891,0.04587886109041662
RDkitFP-RDKit::bit1377,0.04582507307369915
RDkitFP-RDKit::bit907,0.04572741233335574
RDkitFP-RDKit::bit819,0.04562986418614155
RDkitFP-RDKit::bit1968,0.04556190977911976
RDkitFP-RDKit::bit1142,0.04538027734593981
RDkitFP-RDKit::bit205,0.04520946180995495
RDkitFP-RDKit::bit649,0.04518008144770555
RDkitFP-RDKit::bit485,0.04515440812441527
RDkitFP-RDKit::bit915,0.04511384460143816
RDkitFP-RDKit::bit210,0.04500526671498567
RDkitFP-RDKit::bit1951,0.044979993054208564
RDkitFP-RDKit::bit818,0.04486948653781488
RDkitFP-RDKit::bit783,0.04485641786341659
RDkitFP-RDKit::bit695,0.044825447369278376
RDkitFP-RDKit::bit1554,0.04478103738539035
RDkitFP-RDKit::bit1917,0.04456098673678458
RDkitFP-RDKit::bit2017,0.04445806492717806
RDkitFP-RDKit::bit1037,0.04444387276471497
RDkitFP-RDKit::bit1317,0.044355243099050756
RDkitFP-RDKit::bit574,0.044223619972071956
RDkitFP-RDKit::bit1826,0.044144917030919516
RDkitFP-RDKit::bit984,0.044129644864198035
RDkitFP-RDKit::bit1907,0.04396289968377895
RDkitFP-RDKit::bit1135,0.04366822796466466
RDkitFP-RDKit::bit88,0.043331224182468576
RDKit2D::NumAromaticHeterocycles,0.043320692139099934
RDkitFP-RDKit::bit19,0.04328960985708305
RDKit2D::fr_sulfone,0.04324744781605654
RDkitFP-RDKit::bit861,0.04315212659315198
RDkitFP-RDKit::bit468,0.04314395933212743
RDkitFP-RDKit::bit1862,0.04269152135571288
RDkitFP-RDKit::bit1775,0.04251153200093312
RDkitFP-RDKit::bit1681,0.04215551130511278
RDkitFP-RDKit::bit216,0.042151899950623115
RDkitFP-RDKit::bit345,0.04214452091661359
RDkitFP-RDKit::bit966,0.0420596353904298
RDkitFP-RDKit::bit767,0.042021339918186705
RDkitFP-RDKit::bit837,0.04198490376016992
RDkitFP-RDKit::bit1694,0.04196451169788958
RDkitFP-RDKit::bit1163,0.041947361422767
RDkitFP-RDKit::bit1021,0.0416844981922314
RDkitFP-RDKit::bit1172,0.041484259791888405
RDkitFP-RDKit::bit1034,0.04146924516164856
RDkitFP-RDKit::bit520,0.04114645633169893
RDkitFP-RDKit::bit464,0.04114614976943699
RDkitFP-RDKit::bit1074,0.041046401236551545
RDkitFP-RDKit::bit189,0.04104125496536374
RDkitFP-RDKit::bit597,0.04094469699448402
RDkitFP-RDKit::bit1456,0.04085514799258989
RDkitFP-RDKit::bit256,0.04085359532947522
RDkitFP-RDKit::bit53,0.040848846309645366
RDkitFP-RDKit::bit735,0.04080428053547263
RDkitFP-RDKit::bit1342,0.040803924625018674
RDkitFP-RDKit::bit804,0.040750019603196394
RDKit2D::fr_aryl_methyl,0.04030487037041666
RDkitFP-RDKit::bit623,0.04019052765596822
RDkitFP-RDKit::bit784,0.04015224564892557
RDkitFP-RDKit::bit883,0.03996085665933917
RDkitFP-RDKit::bit260,0.03986698759059815
RDkitFP-RDKit::bit1216,0.03970152389909718
RDkitFP-RDKit::bit809,0.039640241358170215
RDkitFP-RDKit::bit1492,0.039623531581825834
RDkitFP-RDKit::bit632,0.039593176842091786
RDkitFP-RDKit::bit1028,0.03928574084045805
RDkitFP-RDKit::bit1363,0.039280715390409636
RDkitFP-RDKit::bit2044,0.0390721295717946
RDkitFP-RDKit::bit1819,0.039024050259353904
RDkitFP-RDKit::bit209,0.03901348826710771
RDkitFP-RDKit::bit617,0.038969224466151434
RDkitFP-RDKit::bit855,0.038957535751795135
RDkitFP-RDKit::bit1166,0.03874363869592952
RDKit2D::fr_ArN,0.03864192453232974
RDKit2D::fr_ether,0.038579708101733626
RDkitFP-RDKit::bit568,0.03854739187054071
RDkitFP-RDKit::bit1651,0.03843816664642101
RDkitFP-RDKit::bit237,0.03843492746062058
RDkitFP-RDKit::bit1337,0.03840915868240425
RDkitFP-RDKit::bit1426,0.03830943770762744
RDkitFP-RDKit::bit293,0.0382308981968981
RDkitFP-RDKit::bit15,0.03811091249840818
RDkitFP-RDKit::bit1776,0.03798693053237865
RDkitFP-RDKit::bit1835,0.03798546450721075
RDkitFP-RDKit::bit1508,0.03793678667374611
RDkitFP-RDKit::bit339,0.03784293974092233
RDkitFP-RDKit::bit1603,0.037810515608712146
RDkitFP-RDKit::bit846,0.037784205135520464
RDkitFP-RDKit::bit1405,0.03775978529413761
RDkitFP-RDKit::bit143,0.037698826883029946
RDkitFP-RDKit::bit945,0.03766470578457022
RDkitFP-RDKit::bit542,0.03764179985006303
RDKit2D::fr_methoxy,0.0375905953819224
RDkitFP-RDKit::bit1430,0.03755744420264558
RDkitFP-RDKit::bit1242,0.037404401821932366
RDkitFP-RDKit::bit1228,0.03734873004709555
RDkitFP-RDKit::bit412,0.037328180522819936
RDkitFP-RDKit::bit1622,0.03711308487333937
RDkitFP-RDKit::bit1240,0.0370392043342524
RDkitFP-RDKit::bit1788,0.036960966916700665
RDkitFP-RDKit::bit1921,0.036953554616983804
RDkitFP-RDKit::bit1200,0.03686270568412013
RDkitFP-RDKit::bit2012,0.03685877362030308
RDkitFP-RDKit::bit1486,0.03685422737428395
RDkitFP-RDKit::bit1127,0.036772371468913934
RDkitFP-RDKit::bit1391,0.03675449745125318
RDkitFP-RDKit::bit640,0.036751205076715754
RDkitFP-RDKit::bit1449,0.03658709310159863
RDkitFP-RDKit::bit1654,0.03650009303041311
RDkitFP-RDKit::bit872,0.03644622853267882
RDkitFP-RDKit::bit1653,0.03635593947165421
RDkitFP-RDKit::bit1497,0.03623714951586013
RDkitFP-RDKit::bit918,0.0360806366088958
RDkitFP-RDKit::bit1250,0.035997802588624506
RDkitFP-RDKit::bit1822,0.03595083853058667
RDkitFP-RDKit::bit72,0.03580750041051402
RDkitFP-RDKit::bit287,0.035754231496311524
RDkitFP-RDKit::bit304,0.03575321429461855
RDKit2D::fr_Ar_OH,0.035722971198067985
RDkitFP-RDKit::bit1823,0.03566740865956671
RDkitFP-RDKit::bit1647,0.035632260342570374
RDkitFP-RDKit::bit1726,0.03560333885447739
RDkitFP-RDKit::bit1298,0.035400547412628734
RDkitFP-RDKit::bit1963,0.03521928384571264
RDkitFP-RDKit::bit1861,0.03486684442520296
RDkitFP-RDKit::bit1403,0.03475681743629883
RDkitFP-RDKit::bit2032,0.034719714711506595
RDkitFP-RDKit::bit1608,0.03464253190690275
RDkitFP-RDKit::bit375,0.034594525097926744
RDkitFP-RDKit::bit1836,0.034554079982706556
RDkitFP-RDKit::bit1505,0.034501730468664796
RDkitFP-RDKit::bit608,0.034453487775176525
RDkitFP-RDKit::bit1648,0.034389700788336176
RDkitFP-RDKit::bit1615,0.034374425212825355
RDkitFP-RDKit::bit1829,0.03436048691884047
RDkitFP-RDKit::bit1747,0.03414364710346462
RDkitFP-RDKit::bit1238,0.03413917330943739
RDkitFP-RDKit::bit1533,0.034097542919028584
RDkitFP-RDKit::bit435,0.03408278327961542
RDkitFP-RDKit::bit1994,0.034066241948302975
RDkitFP-RDKit::bit976,0.034017268384243474
RDkitFP-RDKit::bit1539,0.033903479833514424
RDkitFP-RDKit::bit1789,0.03390053927045258
RDkitFP-RDKit::bit1111,0.03379353193584173
RDkitFP-RDKit::bit1509,0.03370741018731693
RDkitFP-RDKit::bit1395,0.03369394183841195
RDkitFP-RDKit::bit666,0.033651201506650026
RDkitFP-RDKit::bit1623,0.033559945260957125
RDkitFP-RDKit::bit49,0.03349717400345721
RDkitFP-RDKit::bit1421,0.033426957866869646
RDkitFP-RDKit::bit58,0.03338253904235772
RDkitFP-RDKit::bit328,0.03334439905463667
RDkitFP-RDKit::bit1876,0.03297786077020626
RDKit2D::fr_oxazole,0.03292975850552146
RDkitFP-RDKit::bit748,0.03292240766710222
RDkitFP-RDKit::bit1511,0.0329122156941765
RDkitFP-RDKit::bit1151,0.03271252430553422
RDkitFP-RDKit::bit550,0.032611766097778896
RDkitFP-RDKit::bit701,0.03258937642962435
RDkitFP-RDKit::bit1657,0.032533718435028496
RDkitFP-RDKit::bit1635,0.03247697849551812
RDkitFP-RDKit::bit75,0.0324192333146568
RDkitFP-RDKit::bit857,0.0323634128552264
RDkitFP-RDKit::bit667,0.032332932900838
RDkitFP-RDKit::bit1039,0.03228047199438141
RDkitFP-RDKit::bit1109,0.03225716196445606
RDkitFP-RDKit::bit1125,0.031954660838686665
RDkitFP-RDKit::bit1484,0.03195361724717313
RDkitFP-RDKit::bit1361,0.03195181309632051
RDkitFP-RDKit::bit1011,0.03188030395831004
RDkitFP-RDKit::bit4,0.03187011466990617
RDkitFP-RDKit::bit478,0.031865475687480355
RDkitFP-RDKit::bit1314,0.031814905932782675
RDkitFP-RDKit::bit993,0.03161754554543819
RDkitFP-RDKit::bit581,0.03158128315940636
RDkitFP-RDKit::bit1810,0.03140426474120731
RDkitFP-RDKit::bit1319,0.03139186153223209
RDkitFP-RDKit::bit1563,0.03131563254286662
RDkitFP-RDKit::bit186,0.031287093257233264
RDkitFP-RDKit::bit832,0.03117762095547586
RDkitFP-RDKit::bit1516,0.031173797785109397
RDkitFP-RDKit::bit302,0.031161720747173226
RDKit2D::NumHAcceptors,0.031016250193158575
RDkitFP-RDKit::bit1072,0.0310057225541403
RDKit2D::fr_ketone_Topliss,0.03099898290770417
RDkitFP-RDKit::bit2039,0.030992069482912266
RDKit2D::NumAliphaticHeterocycles,0.03090287362718353
RDkitFP-RDKit::bit2025,0.0308840876999339
RDkitFP-RDKit::bit657,0.030864042906983757
dyesChromophores::29,0.030829233307294236
RDkitFP-RDKit::bit642,0.03071049036219148
RDkitFP-RDKit::bit1908,0.0306569251455958
RDkitFP-RDKit::bit165,0.030594549742679507
RDkitFP-RDKit::bit1016,0.030475686387407788
RDkitFP-RDKit::bit254,0.030453889574006906
RDkitFP-RDKit::bit1913,0.030256887612429516
RDkitFP-RDKit::bit905,0.03013188088506115
RDkitFP-RDKit::bit1860,0.030050717727712502
RDkitFP-RDKit::bit1422,0.030018322302019677
RDkitFP-RDKit::bit336,0.029988732495913974
RDkitFP-RDKit::bit938,0.029838649176204074
RDkitFP-RDKit::bit665,0.02964590698712184
RDkitFP-RDKit::bit350,0.029616305520063585
RDkitFP-RDKit::bit38,0.029606123211123478
RDkitFP-RDKit::bit421,0.029571165400806395
RDkitFP-RDKit::bit469,0.02944287281647965
RDkitFP-RDKit::bit578,0.02933002334572822
RDkitFP-RDKit::bit1397,0.02929297132724387
RDkitFP-RDKit::bit465,0.029271547444808043
RDKit2D::fr_NH2,0.029220840016760563
RDKit2D::EState_VSA10,0.029217202746127154
RDkitFP-RDKit::bit831,0.02919391081888724
dyesSimMurcko::6,0.02912795230339091
RDkitFP-RDKit::bit603,0.029086104997705683
RDkitFP-RDKit::bit117,0.029063404436719252
RDkitFP-RDKit::bit1171,0.029052260714655605
RDkitFP-RDKit::bit1849,0.028929507590847666
RDkitFP-RDKit::bit1226,0.02891571818290095
RDKit2D::fr_amide,0.028905259929566215
RDkitFP-RDKit::bit1661,0.02872577738080987
RDkitFP-RDKit::bit1646,0.028616409694077225
RDkitFP-RDKit::bit641,0.028592761132755416
RDkitFP-RDKit::bit1716,0.028473116573854238
RDkitFP-RDKit::bit213,0.028459285251960148
RDkitFP-RDKit::bit396,0.02845634046120924
RDkitFP-RDKit::bit1670,0.028347869761612802
RDkitFP-RDKit::bit2004,0.0283280287197909
RDkitFP-RDKit::bit1301,0.028326134644196033
RDkitFP-RDKit::bit841,0.028260257915422474
RDkitFP-RDKit::bit1362,0.028205422833060524
RDkitFP-RDKit::bit1687,0.0281535517771518
RDkitFP-RDKit::bit1004,0.028129368857786295
RDkitFP-RDKit::bit928,0.028119951277371307
RDkitFP-RDKit::bit147,0.028038190775530134
RDKit2D::fr_aniline,0.02793422991286417
RDkitFP-RDKit::bit1241,0.027859785333224654
RDKit2D::SMR_VSA9,0.027687146383955273
RDkitFP-RDKit::bit460,0.027685343256370978
RDkitFP-RDKit::bit636,0.02762916548246809
RDkitFP-RDKit::bit1371,0.027543368628531788
RDkitFP-RDKit::bit353,0.02736884451055909
RDkitFP-RDKit::bit862,0.027310567873072483
RDkitFP-RDKit::bit644,0.027214534689169245
RDkitFP-RDKit::bit1454,0.027183992194610627
RDkitFP-RDKit::bit288,0.02707981623400982
RDkitFP-RDKit::bit1101,0.027015151361376284
RDkitFP-RDKit::bit1159,0.026963680959527673
RDkitFP-RDKit::bit212,0.026812664211568242
RDkitFP-RDKit::bit985,0.026790093023693166
dyesChromophores::31,0.026773204145816024
RDkitFP-RDKit::bit1919,0.02672696045469595
RDkitFP-RDKit::bit1468,0.026726128321606438
RDkitFP-RDKit::bit1006,0.026586293580366325
RDkitFP-RDKit::bit1313,0.02657670808672853
dyesChromophores::36,0.026533223478034468
RDkitFP-RDKit::bit1247,0.02650962976830008
RDkitFP-RDKit::bit609,0.02648839340174658
RDkitFP-RDKit::bit1146,0.026427095594870588
RDKit2D::NumHeteroatoms,0.026419671227198176
RDkitFP-RDKit::bit1612,0.026418170240876778
RDkitFP-RDKit::bit982,0.026380471063763965
RDKit2D::fr_thiazole,0.0263581095662983
RDkitFP-RDKit::bit1389,0.026278485996667537
RDkitFP-RDKit::bit1079,0.0262350412920977
RDkitFP-RDKit::bit1867,0.02616150786209285
RDkitFP-RDKit::bit1284,0.026022894897561776
RDkitFP-RDKit::bit7,0.025980692621417497
RDkitFP-RDKit::bit1996,0.025970696944154385
RDkitFP-RDKit::bit1979,0.025954325230177
RDkitFP-RDKit::bit1990,0.025825872391180407
RDkitFP-RDKit::bit1206,0.025801621605008967
RDkitFP-RDKit::bit1451,0.025771674122060155
RDkitFP-RDKit::bit1008,0.025695368115743186
RDkitFP-RDKit::bit678,0.02562392864911253
RDkitFP-RDKit::bit1736,0.025567015369602025
RDkitFP-RDKit::bit1649,0.02545053756289884
RDkitFP-RDKit::bit744,0.025444465510694982
RDkitFP-RDKit::bit514,0.025437535706761442
RDkitFP-RDKit::bit381,0.025417220023065037
RDkitFP-RDKit::bit1398,0.02536591710974235
RDkitFP-RDKit::bit717,0.025350188611033678
RDkitFP-RDKit::bit445,0.025299333122574243
RDkitFP-RDKit::bit386,0.02525626113378365
RDkitFP-RDKit::bit1641,0.025107860960454857
RDkitFP-RDKit::bit1526,0.025073991584500393
RDkitFP-RDKit::bit886,0.025073448260860772
RDkitFP-RDKit::bit596,0.025031607389476785
RDkitFP-RDKit::bit946,0.024856013080728476
RDkitFP-RDKit::bit586,0.024836173309475247
RDkitFP-RDKit::bit199,0.02482476418204966
RDkitFP-RDKit::bit627,0.0248234560902645
RDkitFP-RDKit::bit885,0.02474731102382362
RDkitFP-RDKit::bit943,0.024731504350680236
RDkitFP-RDKit::bit206,0.024612171530081755
RDkitFP-RDKit::bit1459,0.024595031316994656
RDkitFP-RDKit::bit601,0.024594045922003368
dyesChromophores::21,0.02408343506995395
RDkitFP-RDKit::bit1464,0.02407998015494385
RDkitFP-RDKit::bit960,0.023996095423761174
RDkitFP-RDKit::bit458,0.02397237623765728
RDkitFP-RDKit::bit314,0.023940983602104164
dyesChromophores::30,0.023726001177417685
RDkitFP-RDKit::bit1455,0.023659691914165223
RDkitFP-RDKit::bit1592,0.023657122547118794
RDkitFP-RDKit::bit1406,0.02338747211988528
RDkitFP-RDKit::bit301,0.023276578485921087
RDkitFP-RDKit::bit927,0.023245332894263435
RDkitFP-RDKit::bit1211,0.02320525937171359
RDkitFP-RDKit::bit203,0.023175498498610583
RDkitFP-RDKit::bit1379,0.02316185716031528
RDkitFP-RDKit::bit1458,0.023153280613678624
RDkitFP-RDKit::bit1386,0.023145266655598865
RDkitFP-RDKit::bit1589,0.023131005053642333
RDkitFP-RDKit::bit1856,0.02311863075097923
RDkitFP-RDKit::bit1967,0.02311581176627248
RDkitFP-RDKit::bit28,0.023035624008817267
RDkitFP-RDKit::bit1613,0.02298637803866388
RDKit2D::fr_phenol,0.02295284834523534
RDkitFP-RDKit::bit534,0.0229464058276781
RDkitFP-RDKit::bit2030,0.022887324776324585
RDkitFP-RDKit::bit788,0.022861827825371956
RDKit2D::fr_allylic_oxid,0.022840930899960102
RDkitFP-RDKit::bit509,0.022772450810144177
RDkitFP-RDKit::bit1997,0.022768601191179023
RDkitFP-RDKit::bit1271,0.022703934732934965
RDkitFP-RDKit::bit2000,0.022664999121100204
RDkitFP-RDKit::bit47,0.022617382053056273
RDkitFP-RDKit::bit1626,0.02258190077449175
RDkitFP-RDKit::bit752,0.02257012142247115
RDkitFP-RDKit::bit1053,0.022553728280013435
RDkitFP-RDKit::bit869,0.022394276143722015
RDkitFP-RDKit::bit436,0.022393053184097445
RDkitFP-RDKit::bit200,0.022338140401237373
RDkitFP-RDKit::bit1331,0.022271427248631473
RDKit2D::fr_urea,0.022241705754168065
RDkitFP-RDKit::bit1544,0.022235515448227754
RDKit2D::fr_Ndealkylation2,0.02217301398052335
RDkitFP-RDKit::bit174,0.02213208191379092
RDkitFP-RDKit::bit1312,0.022118548410148164
RDkitFP-RDKit::bit847,0.022084896533726257
RDkitFP-RDKit::bit845,0.021954066718960163
RDkitFP-RDKit::bit387,0.021825459950668865
RDkitFP-RDKit::bit1293,0.021788975139152244
RDkitFP-RDKit::bit176,0.02173099209886079
RDkitFP-RDKit::bit1383,0.021686543533112397
RDkitFP-RDKit::bit1384,0.021675755789861577
RDkitFP-RDKit::bit55,0.021647546552465043
RDkitFP-RDKit::bit1708,0.02153508760787279
RDkitFP-RDKit::bit1946,0.02148421262751286
RDkitFP-RDKit::bit1987,0.02137424447853291
RDkitFP-RDKit::bit622,0.02134382644342203
RDkitFP-RDKit::bit382,0.02132825002156102
RDkitFP-RDKit::bit1938,0.02126305680994056
RDkitFP-RDKit::bit750,0.021258497223450055
RDkitFP-RDKit::bit1504,0.021200025420404264
RDkitFP-RDKit::bit1566,0.021162150333417003
RDkitFP-RDKit::bit1640,0.021125323822272415
RDkitFP-RDKit::bit357,0.021016320567631454
RDkitFP-RDKit::bit1962,0.020998060386582265
RDKit2D::fr_furan,0.020918116717855165
RDkitFP-RDKit::bit1532,0.02085365183691566
RDkitFP-RDKit::bit703,0.020824575115848572
RDkitFP-RDKit::bit42,0.020783772568835075
RDkitFP-RDKit::bit1551,0.020768849662394197
RDkitFP-RDKit::bit1220,0.02076381138453846
RDkitFP-RDKit::bit337,0.020723552812304785
RDkitFP-RDKit::bit1924,0.020693091007852552
RDkitFP-RDKit::bit554,0.020673481977116322
RDkitFP-RDKit::bit1279,0.0206238494346154
RDkitFP-RDKit::bit437,0.02053673978080882
RDkitFP-RDKit::bit1669,0.020495011268105906
RDkitFP-RDKit::bit1583,0.020483168884782525
RDkitFP-RDKit::bit1712,0.020407219884546066
RDkitFP-RDKit::bit971,0.020168121868708463
RDkitFP-RDKit::bit234,0.020091925138154453
RDkitFP-RDKit::bit356,0.020046877539878015
RDkitFP-RDKit::bit1234,0.02004619068498167
RDkitFP-RDKit::bit1015,0.019919831372880416
RDkitFP-RDKit::bit747,0.019904274570067774
RDkitFP-RDKit::bit114,0.019876916787762256
RDkitFP-RDKit::bit538,0.019864943297794226
RDkitFP-RDKit::bit1022,0.01985360785178146
RDkitFP-RDKit::bit523,0.019846937095605293
RDkitFP-RDKit::bit128,0.019810262507762588
RDkitFP-RDKit::bit1183,0.019784996217939464
RDkitFP-RDKit::bit1965,0.01976621657337356
RDkitFP-RDKit::bit1237,0.019754981019422142
RDkitFP-RDKit::bit798,0.019745066728091953
RDkitFP-RDKit::bit773,0.019744031304426105
RDkitFP-RDKit::bit1624,0.019738427696188453
RDkitFP-RDKit::bit162,0.01973289608116302
RDkitFP-RDKit::bit955,0.01972607835884938
RDkitFP-RDKit::bit2043,0.019686877315003678
RDkitFP-RDKit::bit1561,0.01952268589166192
RDkitFP-RDKit::bit1085,0.01942140074943947
RDkitFP-RDKit::bit146,0.01938386344556599
RDkitFP-RDKit::bit1503,0.019379831684922317
RDkitFP-RDKit::bit811,0.01934200150306199
RDkitFP-RDKit::bit1604,0.019262321385717603
RDkitFP-RDKit::bit1310,0.019189164936813784
RDkitFP-RDKit::bit1918,0.01896703842773251
RDkitFP-RDKit::bit1714,0.018923132583096552
RDKit2D::NumSaturatedHeterocycles,0.018887972703763842
RDkitFP-RDKit::bit1693,0.01884298839965684
RDkitFP-RDKit::bit173,0.018818240637068207
RDkitFP-RDKit::bit1909,0.018798675591129698
RDkitFP-RDKit::bit482,0.01876419181832432
RDkitFP-RDKit::bit942,0.018621857280974423
RDkitFP-RDKit::bit1208,0.018605228558867072
RDKit2D::fr_Imine,0.01856392513210737
RDkitFP-RDKit::bit1023,0.018534617556362737
RDkitFP-RDKit::bit360,0.018412304308760594
RDkitFP-RDKit::bit1765,0.01830449312937893
RDkitFP-RDKit::bit346,0.0181550004977536
RDkitFP-RDKit::bit363,0.01812635364447781
RDkitFP-RDKit::bit1460,0.018064709364095842
RDkitFP-RDKit::bit693,0.018039960522350195
RDkitFP-RDKit::bit673,0.018011889818407803
RDkitFP-RDKit::bit817,0.018002694371107675
RDkitFP-RDKit::bit273,0.017926514153653126
RDkitFP-RDKit::bit881,0.01790972100282591
RDkitFP-RDKit::bit683,0.017905981539989124
RDkitFP-RDKit::bit79,0.01780780156767992
RDkitFP-RDKit::bit1828,0.01773171253545705
RDkitFP-RDKit::bit1070,0.017704483885794587
RDkitFP-RDKit::bit624,0.01768859154851841
RDkitFP-RDKit::bit672,0.017649504478547615
RDkitFP-RDKit::bit1785,0.017636321853825136
RDkitFP-RDKit::bit359,0.017635370711169367
RDkitFP-RDKit::bit1961,0.017621805862189817
RDkitFP-RDKit::bit296,0.01757054373479198
RDkitFP-RDKit::bit1316,0.017562510917467824
RDkitFP-RDKit::bit1408,0.01751394911813037
RDkitFP-RDKit::bit1749,0.017314720580816716
RDkitFP-RDKit::bit1701,0.017305101535179685
RDkitFP-RDKit::bit1378,0.017295514914846842
RDKit2D::fr_C_O,0.01723986998312018
RDkitFP-RDKit::bit1324,0.017171202806615212
RDkitFP-RDKit::bit1658,0.017095395833898526
RDkitFP-RDKit::bit648,0.017092823403709698
RDkitFP-RDKit::bit1514,0.0170905520225141
RDkitFP-RDKit::bit656,0.01708414416715962
RDkitFP-RDKit::bit1300,0.016931617641048922
RDkitFP-RDKit::bit1215,0.016832008279585812
RDkitFP-RDKit::bit1348,0.016757308265140963
RDkitFP-RDKit::bit1632,0.016710077436748256
RDkitFP-RDKit::bit321,0.016655444758837627
RDkitFP-RDKit::bit231,0.01656683385310439
RDkitFP-RDKit::bit697,0.01655861000218397
RDkitFP-RDKit::bit1764,0.016538256059245596
RDkitFP-RDKit::bit262,0.016472089201822727
RDkitFP-RDKit::bit278,0.016358956960588637
RDkitFP-RDKit::bit941,0.016255954262873188
RDkitFP-RDKit::bit466,0.016251793161321325
RDkitFP-RDKit::bit1817,0.016009716209123812
RDkitFP-RDKit::bit78,0.015947567506501812
RDkitFP-RDKit::bit1998,0.01594333613090146
RDkitFP-RDKit::bit682,0.01590667733930665
RDkitFP-RDKit::bit557,0.01582923824828801
RDkitFP-RDKit::bit1191,0.015735870501258412
RDkitFP-RDKit::bit519,0.015722206027529266
RDkitFP-RDKit::bit107,0.01568815811580565
RDkitFP-RDKit::bit104,0.015616941449573615
RDkitFP-RDKit::bit311,0.015616908376299886
RDkitFP-RDKit::bit1186,0.01556302903071478
RDkitFP-RDKit::bit721,0.015557121006827747
RDkitFP-RDKit::bit37,0.015519386653441596
RDKit2D::NHOHCount,0.01546687018945804
RDKit2D::fr_sulfonamd,0.015434295585565687
RDkitFP-RDKit::bit137,0.015415975109109999
RDkitFP-RDKit::bit997,0.015399727272144203
RDkitFP-RDKit::bit579,0.015359771693444749
RDKit2D::fr_piperdine,0.015342161331096702
RDkitFP-RDKit::bit1690,0.015309451242045066
RDkitFP-RDKit::bit1291,0.015239742550264779
RDkitFP-RDKit::bit92,0.015238748098056268
RDkitFP-RDKit::bit1462,0.015197507302476777
RDkitFP-RDKit::bit1678,0.015191045189600115
RDkitFP-RDKit::bit2010,0.015062357410377878
RDkitFP-RDKit::bit1905,0.014993995316910872
RDkitFP-RDKit::bit990,0.014884506538698238
RDkitFP-RDKit::bit459,0.014879064722518908
RDkitFP-RDKit::bit973,0.014822650994292438
RDkitFP-RDKit::bit405,0.01472319270041277
RDkitFP-RDKit::bit696,0.01471579810287278
RDkitFP-RDKit::bit651,0.01466229074580638
RDkitFP-RDKit::bit986,0.01464946434369291
RDkitFP-RDKit::bit427,0.014648699008455982
RDkitFP-RDKit::bit1528,0.014516826985194832
RDkitFP-RDKit::bit91,0.01445489146874747
RDkitFP-RDKit::bit1402,0.014443289690455897
RDkitFP-RDKit::bit759,0.014334783639124642
RDkitFP-RDKit::bit263,0.014152778540444375
RDkitFP-RDKit::bit1245,0.014151356842957069
RDkitFP-RDKit::bit1870,0.014081471486179746
RDkitFP-RDKit::bit1168,0.013961174039829487
dyesSimMurcko::8,0.013945565730763195
RDkitFP-RDKit::bit97,0.013830877760604706
RDkitFP-RDKit::bit1692,0.013825571238856934
RDkitFP-RDKit::bit1081,0.013811609578735305
RDkitFP-RDKit::bit383,0.013704391955290976
RDkitFP-RDKit::bit605,0.013699098488588081
RDkitFP-RDKit::bit1555,0.013667018474116896
RDkitFP-RDKit::bit133,0.013622333673860872
RDkitFP-RDKit::bit1461,0.01353512968087335
RDkitFP-RDKit::bit585,0.013523457706007286
RDkitFP-RDKit::bit670,0.013522385905103526
RDkitFP-RDKit::bit1857,0.013465794225514844
RDkitFP-RDKit::bit1076,0.013412485419054166
RDkitFP-RDKit::bit1878,0.013412083985017455
RDkitFP-RDKit::bit1290,0.013365235665192302
RDkitFP-RDKit::bit1782,0.013343241541275587
RDkitFP-RDKit::bit52,0.013297628147959175
RDkitFP-RDKit::bit1710,0.013208263909718776
RDkitFP-RDKit::bit1327,0.013198340762859136
RDkitFP-RDKit::bit1688,0.013114419255683905
RDkitFP-RDKit::bit1513,0.013074278282106066
RDkitFP-RDKit::bit1607,0.012964624167551637
RDkitFP-RDKit::bit1525,0.012961412365084083
RDkitFP-RDKit::bit191,0.012939187497272419
RDkitFP-RDKit::bit1927,0.012794098758808384
RDkitFP-RDKit::bit614,0.012699441273220336
RDkitFP-RDKit::bit1675,0.012598238010914422
RDkitFP-RDKit::bit241,0.012521245510100618
RDkitFP-RDKit::bit1671,0.012457917469417445
RDkitFP-RDKit::bit2035,0.012243727134897351
RDkitFP-RDKit::bit343,0.012196568223512916
RDkitFP-RDKit::bit594,0.012137663385602791
RDkitFP-RDKit::bit1046,0.012124622487863787
RDkitFP-RDKit::bit417,0.012121030635204286
RDkitFP-RDKit::bit1092,0.012004249995532972
RDkitFP-RDKit::bit991,0.01197200359333
RDkitFP-RDKit::bit292,0.01189705969231341
RDkitFP-RDKit::bit195,0.011891147565355047
RDkitFP-RDKit::bit1009,0.011797758951356697
RDkitFP-RDKit::bit1730,0.011734097013536279
RDkitFP-RDKit::bit450,0.01169547356671927
RDkitFP-RDKit::bit1502,0.011621137873783183
RDkitFP-RDKit::bit393,0.011507536797968534
RDkitFP-RDKit::bit1370,0.011505110481457742
RDkitFP-RDKit::bit877,0.011480637744056669
RDkitFP-RDKit::bit1396,0.011430086168925097
RDkitFP-RDKit::bit754,0.011412731986232586
RDkitFP-RDKit::bit259,0.011104224396039745
RDkitFP-RDKit::bit698,0.011099434607137781
RDkitFP-RDKit::bit715,0.011079094372801314
RDkitFP-RDKit::bit702,0.01095825029867806
RDkitFP-RDKit::bit2006,0.010944149810955286
RDkitFP-RDKit::bit1630,0.010913796881134117
RDkitFP-RDKit::bit429,0.010885558209665254
RDkitFP-RDKit::bit1534,0.01081596405423519
RDkitFP-RDKit::bit1794,0.010812451186757142
RDkitFP-RDKit::bit1260,0.01078101819529271
RDkitFP-RDKit::bit14,0.010717178616280253
RDkitFP-RDKit::bit878,0.010669132670376497
RDkitFP-RDKit::bit379,0.010527644954390628
RDKit2D::fr_hdrzone,0.01033593563596963
RDkitFP-RDKit::bit1570,0.010260546349915214
RDkitFP-RDKit::bit1706,0.009961725687027714
RDkitFP-RDKit::bit30,0.009939226047420526
RDkitFP-RDKit::bit882,0.009874784400779437
RDkitFP-RDKit::bit1901,0.009789630843346123
RDkitFP-RDKit::bit1652,0.009776621082673527
RDkitFP-RDKit::bit1447,0.009751570131044182
RDkitFP-RDKit::bit789,0.00965418524894297
RDkitFP-RDKit::bit1203,0.009528126287358852
RDkitFP-RDKit::bit1891,0.00944975641523172
RDKit2D::NumAromaticCarbocycles,0.009377945160764926
RDkitFP-RDKit::bit1334,0.009371237995223259
RDkitFP-RDKit::bit400,0.009357777396759803
RDkitFP-RDKit::bit69,0.009339408084103062
RDkitFP-RDKit::bit399,0.009202452016289095
RDkitFP-RDKit::bit1429,0.00918123090438303
RDkitFP-RDKit::bit406,0.00912053898148787
RDkitFP-RDKit::bit1325,0.009094578544666875
RDkitFP-RDKit::bit1809,0.00899921614673316
RDkitFP-RDKit::bit949,0.008981248443232368
dyesChromophores::20,0.008965346964349787
RDkitFP-RDKit::bit1976,0.008819262585850845
RDkitFP-RDKit::bit1032,0.008807787768453798
RDkitFP-RDKit::bit1416,0.008756948590376845
RDkitFP-RDKit::bit122,0.00860218828442911
RDkitFP-RDKit::bit511,0.008587952448197236
RDkitFP-RDKit::bit1035,0.008495892707535192
RDkitFP-RDKit::bit1136,0.00847507728741138
RDkitFP-RDKit::bit227,0.008466178071539219
RDkitFP-RDKit::bit1045,0.008450582143888215
RDkitFP-RDKit::bit613,0.008378270676703874
RDkitFP-RDKit::bit1691,0.008373011144160291
RDkitFP-RDKit::bit1620,0.00829115390015961
RDkitFP-RDKit::bit1042,0.008246788751850006
RDkitFP-RDKit::bit1926,0.008241944787954732
RDKit2D::fr_piperzine,0.008056665665573684
RDkitFP-RDKit::bit1273,0.0080046582415682
RDKit2D::NumSaturatedRings,0.007951606704550699
RDkitFP-RDKit::bit1824,0.007944302381578177
RDkitFP-RDKit::bit414,0.007856112119251779
RDkitFP-RDKit::bit1682,0.007794940468272671
RDkitFP-RDKit::bit1369,0.00748431825784942
RDKit2D::PEOE_VSA14,0.007249481734002429
RDkitFP-RDKit::bit1272,0.007219388994990959
RDkitFP-RDKit::bit1735,0.007076533066229778
RDkitFP-RDKit::bit1224,0.007069165049777346
RDkitFP-RDKit::bit1474,0.00679431626779768
RDkitFP-RDKit::bit540,0.0066289034550404006
dyesSimMurcko::3,0.006622858675199975
RDkitFP-RDKit::bit6,0.00659396706059324
RDkitFP-RDKit::bit935,0.006478242871488791
RDkitFP-RDKit::bit1883,0.006187007932177001
RDkitFP-RDKit::bit1156,0.006162801465898088
RDkitFP-RDKit::bit968,0.006070574443672052
RDkitFP-RDKit::bit936,0.006045688354215927
RDkitFP-RDKit::bit1333,0.006038355346451831
RDkitFP-RDKit::bit2026,0.005971295582177554
RDkitFP-RDKit::bit1450,0.005956489157455138
RDkitFP-RDKit::bit974,0.005849154337065905
RDkitFP-RDKit::bit1559,0.005368702955979373
RDkitFP-RDKit::bit1501,0.005324610809558677
RDKit2D::fr_lactam,0.005089882999845988
RDkitFP-RDKit::bit582,0.004997702175885526
RDkitFP-RDKit::bit770,0.00497930492708071
RDkitFP-RDKit::bit692,0.004863063820103539
dyesSimMurcko::12,0.00480245175642708
dyesChromophores::26,0.004299811303727889
RDkitFP-RDKit::bit1259,0.004257254152941264
dyesChromophores::2,0.004018371427863742
RDKit2D::fr_ester,0.0033253829618389214
RDKit2D::fr_amidine,0.0030436991586961634
dyesSimMurcko::13,0.002881409895755633
RDKit2D::fr_quatN,0.002036923544254168
RDKit2D::fr_unbrch_alkane,0.0006611155675688954
RDKit2D::EState_VSA11,0.0005901445369293263
RDKit2D::fr_alkyl_carbamate,0.00045270042529125767
dyesSimMurcko::5,3.1303223021580446e-05
RDKit2D::fr_benzodiazepine,1.054252687830441e-06
dyesSimMurcko::25,2.923682250637398e-07
RDkitFP-RDKit::bit1335,0.0
RDkitFP-RDKit::bit2034,0.0
RDkitFP-RDKit::bit1336,0.0
RDkitFP-RDKit::bit1774,0.0
xtb3::xtb_electronic_temp_K,0.0
RDkitFP-RDKit::bit1457,0.0
RDkitFP-RDKit::bit1374,0.0
RDkitFP-RDKit::bit1453,0.0
RDkitFP-RDKit::bit2040,0.0
RDkitFP-RDKit::bit1439,0.0
RDkitFP-RDKit::bit2042,0.0
RDkitFP-RDKit::bit2041,0.0
RDkitFP-RDKit::bit1440,0.0
RDkitFP-RDKit::bit1343,0.0
RDkitFP-RDKit::bit1441,0.0
RDkitFP-RDKit::bit1442,0.0
RDkitFP-RDKit::bit1443,0.0
RDkitFP-RDKit::bit1811,0.0
RDkitFP-RDKit::bit2038,0.0
RDkitFP-RDKit::bit1338,0.0
RDkitFP-RDKit::bit1445,0.0
RDkitFP-RDKit::bit1790,0.0
RDkitFP-RDKit::bit1446,0.0
RDkitFP-RDKit::bit1448,0.0
RDkitFP-RDKit::bit2037,0.0
RDkitFP-RDKit::bit1773,0.0
RDkitFP-RDKit::bit1339,0.0
RDkitFP-RDKit::bit2036,0.0
RDkitFP-RDKit::bit1452,0.0
RDkitFP-RDKit::bit1340,0.0
RDkitFP-RDKit::bit1792,0.0
RDkitFP-RDKit::bit1772,0.0
RDkitFP-RDKit::bit1480,0.0
RDkitFP-RDKit::bit1471,0.0
RDkitFP-RDKit::bit1472,0.0
RDkitFP-RDKit::bit1473,0.0
RDkitFP-RDKit::bit1475,0.0
RDkitFP-RDKit::bit1476,0.0
RDkitFP-RDKit::bit1795,0.0
RDkitFP-RDKit::bit1318,0.0
RDkitFP-RDKit::bit1477,0.0
RDkitFP-RDKit::bit1478,0.0
RDkitFP-RDKit::bit1767,0.0
RDkitFP-RDKit::bit1481,0.0
RDkitFP-RDKit::bit1813,0.0
RDkitFP-RDKit::bit1814,0.0
RDkitFP-RDKit::bit1482,0.0
RDkitFP-RDKit::bit1798,0.0
RDkitFP-RDKit::bit1483,0.0
RDkitFP-RDKit::bit2022,0.0
RDkitFP-RDKit::bit2021,0.0
RDkitFP-RDKit::bit2020,0.0
RDkitFP-RDKit::bit2019,0.0
RDkitFP-RDKit::bit1796,0.0
RDKit2D::NumRadicalElectrons,0.0
RDkitFP-RDKit::bit2023,0.0
RDkitFP-RDKit::bit2024,0.0
RDkitFP-RDKit::bit1467,0.0
RDkitFP-RDKit::bit2027,0.0
xtb3::xtb_total_charge,0.0
RDkitFP-RDKit::bit1770,0.0
RDkitFP-RDKit::bit1332,0.0
RDkitFP-RDKit::bit1345,0.0
RDkitFP-RDKit::bit1793,0.0
RDkitFP-RDKit::bit1330,0.0
RDkitFP-RDKit::bit1329,0.0
RDkitFP-RDKit::bit1328,0.0
RDkitFP-RDKit::bit2031,0.0
RDkitFP-RDKit::bit1799,0.0
RDkitFP-RDKit::bit1463,0.0
RDkitFP-RDKit::bit1326,0.0
RDkitFP-RDKit::bit1769,0.0
RDkitFP-RDKit::bit2029,0.0
RDKit2D::Chi0n,0.0
RDkitFP-RDKit::bit2028,0.0
RDkitFP-RDKit::bit1323,0.0
RDkitFP-RDKit::bit1322,0.0
RDkitFP-RDKit::bit1321,0.0
RDkitFP-RDKit::bit1320,0.0
RDkitFP-RDKit::bit1768,0.0
RDkitFP-RDKit::bit1344,0.0
RDkitFP-RDKit::bit2047,0.0
RDKit2D::PEOE_VSA5,0.0
RDkitFP-RDKit::bit1365,0.0
dyesChromophores::39,0.0
RDkitFP-RDKit::bit1487,0.0
RDkitFP-RDKit::bit1778,0.0
RDkitFP-RDKit::bit1777,0.0
dyesChromophores::14,0.0
dyesChromophores::13,0.0
RDkitFP-RDKit::bit1392,0.0
RDkitFP-RDKit::bit1393,0.0
RDkitFP-RDKit::bit1394,0.0
dyesChromophores::11,0.0
dyesChromophores::6,0.0
RDkitFP-RDKit::bit1404,0.0
RDkitFP-RDKit::bit1364,0.0
RDkitFP-RDKit::bit1399,0.0
dyesChromophores::40,0.0
dyesSimMurcko::47,0.0
RDkitFP-RDKit::bit1400,0.0
RDkitFP-RDKit::bit1401,0.0
dyesChromophores::44,0.0
dyesChromophores::45,0.0
RDkitFP-RDKit::bit1803,0.0
dyesSimMurcko::28,0.0
RDkitFP-RDKit::bit1366,0.0
RDkitFP-RDKit::bit1388,0.0
RDkitFP-RDKit::bit1387,0.0
RDkitFP-RDKit::bit1779,0.0
RDkitFP-RDKit::bit1375,0.0
RDkitFP-RDKit::bit1783,0.0
RDkitFP-RDKit::bit1376,0.0
RDkitFP-RDKit::bit1786,0.0
dyesChromophores::27,0.0
RDkitFP-RDKit::bit1804,0.0
dyesChromophores::25,0.0
dyesChromophores::34,0.0
dyesChromophores::24,0.0
RDkitFP-RDKit::bit1372,0.0
RDkitFP-RDKit::bit1787,0.0
dyesChromophores::35,0.0
RDkitFP-RDKit::bit1380,0.0
dyesChromophores::23,0.0
dyesChromophores::22,0.0
RDkitFP-RDKit::bit1382,0.0
RDkitFP-RDKit::bit1805,0.0
RDkitFP-RDKit::bit1807,0.0
RDkitFP-RDKit::bit1368,0.0
dyesChromophores::37,0.0
dyesChromophores::38,0.0
RDkitFP-RDKit::bit1802,0.0
dyesSimMurcko::22,0.0
RDkitFP-RDKit::bit1437,0.0
RDkitFP-RDKit::bit1428,0.0
dyesSimMurcko::7,0.0
RDkitFP-RDKit::bit1353,0.0
RDkitFP-RDKit::bit1352,0.0
RDkitFP-RDKit::bit1423,0.0
RDKit2D::fr_Al_COO,0.0
RDkitFP-RDKit::bit1351,0.0
RDkitFP-RDKit::bit1425,0.0
RDKit2D::SlogP_VSA4,0.0
RDkitFP-RDKit::bit1427,0.0
dyesSimMurcko::4,0.0
RDkitFP-RDKit::bit1350,0.0
dyesSimMurcko::19,0.0
RDkitFP-RDKit::bit1349,0.0
dyesSimMurcko::1,0.0
RDkitFP-RDKit::bit1784,0.0
RDkitFP-RDKit::bit1432,0.0
RDkitFP-RDKit::bit2046,0.0
RDKit2D::SMR_VSA8,0.0
RDkitFP-RDKit::bit1433,0.0
RDkitFP-RDKit::bit1434,0.0
RDkitFP-RDKit::bit2045,0.0
RDkitFP-RDKit::bit1436,0.0
RDkitFP-RDKit::bit1354,0.0
RDkitFP-RDKit::bit1800,0.0
RDKit2D::SlogP_VSA9,0.0
RDkitFP-RDKit::bit1420,0.0
RDkitFP-RDKit::bit1808,0.0
RDKit2D::NumAliphaticCarbocycles,0.0
dyesSimMurcko::16,0.0
RDkitFP-RDKit::bit1801,0.0
RDkitFP-RDKit::bit1407,0.0
RDkitFP-RDKit::bit1409,0.0
RDkitFP-RDKit::bit1410,0.0
RDkitFP-RDKit::bit1411,0.0
dyesSimMurcko::15,0.0
RDkitFP-RDKit::bit1412,0.0
RDkitFP-RDKit::bit1360,0.0
RDkitFP-RDKit::bit1413,0.0
RDkitFP-RDKit::bit1414,0.0
RDkitFP-RDKit::bit1415,0.0
RDkitFP-RDKit::bit1359,0.0
RDkitFP-RDKit::bit1417,0.0
RDkitFP-RDKit::bit1418,0.0
dyesSimMurcko::11,0.0
RDkitFP-RDKit::bit1357,0.0
dyesSimMurcko::9,0.0
RDkitFP-RDKit::bit1419,0.0
RDkitFP-RDKit::bit1720,0.0
RDkitFP-RDKit::bit1986,0.0
RDkitFP-RDKit::bit1488,0.0
RDkitFP-RDKit::bit1637,0.0
RDkitFP-RDKit::bit1914,0.0
RDkitFP-RDKit::bit1742,0.0
RDkitFP-RDKit::bit1912,0.0
RDkitFP-RDKit::bit1625,0.0
RDkitFP-RDKit::bit1846,0.0
RDkitFP-RDKit::bit1627,0.0
RDkitFP-RDKit::bit1628,0.0
RDkitFP-RDKit::bit1629,0.0
RDkitFP-RDKit::bit1740,0.0
RDkitFP-RDKit::bit1631,0.0
RDkitFP-RDKit::bit1633,0.0
RDkitFP-RDKit::bit1634,0.0
RDkitFP-RDKit::bit1910,0.0
RDkitFP-RDKit::bit1636,0.0
RDkitFP-RDKit::bit1739,0.0
RDkitFP-RDKit::bit1621,0.0
RDkitFP-RDKit::bit1638,0.0
RDkitFP-RDKit::bit1639,0.0
RDkitFP-RDKit::bit1847,0.0
RDkitFP-RDKit::bit1906,0.0
RDkitFP-RDKit::bit1737,0.0
RDkitFP-RDKit::bit1642,0.0
RDkitFP-RDKit::bit1644,0.0
RDkitFP-RDKit::bit1904,0.0
RDkitFP-RDKit::bit1903,0.0
RDkitFP-RDKit::bit1902,0.0
RDkitFP-RDKit::bit1734,0.0
RDkitFP-RDKit::bit1899,0.0
RDkitFP-RDKit::bit1898,0.0
RDkitFP-RDKit::bit1650,0.0
RDkitFP-RDKit::bit1915,0.0
RDkitFP-RDKit::bit1916,0.0
RDkitFP-RDKit::bit1896,0.0
RDkitFP-RDKit::bit1605,0.0
RDkitFP-RDKit::bit1596,0.0
RDkitFP-RDKit::bit1935,0.0
RDkitFP-RDKit::bit1598,0.0
RDkitFP-RDKit::bit1599,0.0
RDkitFP-RDKit::bit1934,0.0
RDkitFP-RDKit::bit1841,0.0
RDkitFP-RDKit::bit1933,0.0
RDkitFP-RDKit::bit1600,0.0
RDkitFP-RDKit::bit1601,0.0
RDkitFP-RDKit::bit1930,0.0
RDkitFP-RDKit::bit1929,0.0
RDkitFP-RDKit::bit1746,0.0
RDkitFP-RDKit::bit1928,0.0
RDkitFP-RDKit::bit1745,0.0
RDkitFP-RDKit::bit1606,0.0
RDkitFP-RDKit::bit1845,0.0
RDkitFP-RDKit::bit1925,0.0
RDkitFP-RDKit::bit1609,0.0
RDkitFP-RDKit::bit1610,0.0
RDkitFP-RDKit::bit1611,0.0
RDkitFP-RDKit::bit1842,0.0
RDkitFP-RDKit::bit1614,0.0
RDkitFP-RDKit::bit1923,0.0
RDkitFP-RDKit::bit1922,0.0
RDkitFP-RDKit::bit1920,0.0
RDkitFP-RDKit::bit1743,0.0
RDkitFP-RDKit::bit1616,0.0
RDkitFP-RDKit::bit1617,0.0
RDkitFP-RDKit::bit1618,0.0
RDkitFP-RDKit::bit1844,0.0
RDkitFP-RDKit::bit1897,0.0
RDkitFP-RDKit::bit1733,0.0
RDkitFP-RDKit::bit1594,0.0
RDkitFP-RDKit::bit1703,0.0
RDkitFP-RDKit::bit1685,0.0
RDkitFP-RDKit::bit1853,0.0
RDkitFP-RDKit::bit1872,0.0
RDkitFP-RDKit::bit1689,0.0
RDkitFP-RDKit::bit1855,0.0
RDkitFP-RDKit::bit1871,0.0
RDkitFP-RDKit::bit1724,0.0
RDkitFP-RDKit::bit1695,0.0
RDkitFP-RDKit::bit1696,0.0
RDkitFP-RDKit::bit1697,0.0
RDkitFP-RDKit::bit1698,0.0
RDkitFP-RDKit::bit1699,0.0
RDkitFP-RDKit::bit1700,0.0
RDkitFP-RDKit::bit1702,0.0
RDkitFP-RDKit::bit1704,0.0
RDkitFP-RDKit::bit1873,0.0
RDkitFP-RDKit::bit1705,0.0
RDkitFP-RDKit::bit1707,0.0
RDkitFP-RDKit::bit1858,0.0
RDkitFP-RDKit::bit1723,0.0
RDkitFP-RDKit::bit1711,0.0
RDkitFP-RDKit::bit1866,0.0
RDkitFP-RDKit::bit1865,0.0
RDkitFP-RDKit::bit1864,0.0
RDkitFP-RDKit::bit1722,0.0
RDkitFP-RDKit::bit1713,0.0
RDkitFP-RDKit::bit1859,0.0
RDkitFP-RDKit::bit1715,0.0
RDkitFP-RDKit::bit1717,0.0
RDkitFP-RDKit::bit1718,0.0
RDkitFP-RDKit::bit1684,0.0
RDkitFP-RDKit::bit1874,0.0
RDkitFP-RDKit::bit1850,0.0
RDkitFP-RDKit::bit1890,0.0
RDkitFP-RDKit::bit1655,0.0
RDkitFP-RDKit::bit1656,0.0
RDkitFP-RDKit::bit1895,0.0
RDkitFP-RDKit::bit1659,0.0
RDkitFP-RDKit::bit1660,0.0
RDkitFP-RDKit::bit1732,0.0
RDkitFP-RDKit::bit1731,0.0
RDkitFP-RDKit::bit1663,0.0
RDkitFP-RDKit::bit1851,0.0
RDkitFP-RDKit::bit1893,0.0
RDkitFP-RDKit::bit1729,0.0
RDkitFP-RDKit::bit1728,0.0
RDkitFP-RDKit::bit1664,0.0
RDkitFP-RDKit::bit1892,0.0
RDkitFP-RDKit::bit1665,0.0
RDkitFP-RDKit::bit1875,0.0
RDkitFP-RDKit::bit1888,0.0
RDkitFP-RDKit::bit1887,0.0
RDkitFP-RDKit::bit1885,0.0
RDkitFP-RDKit::bit1882,0.0
RDkitFP-RDKit::bit1727,0.0
RDkitFP-RDKit::bit1881,0.0
RDkitFP-RDKit::bit1880,0.0
RDkitFP-RDKit::bit1672,0.0
RDkitFP-RDKit::bit1673,0.0
RDkitFP-RDKit::bit1674,0.0
RDkitFP-RDKit::bit1852,0.0
RDkitFP-RDKit::bit1676,0.0
RDkitFP-RDKit::bit1677,0.0
RDkitFP-RDKit::bit1879,0.0
RDkitFP-RDKit::bit1595,0.0
RDkitFP-RDKit::bit1593,0.0
RDkitFP-RDKit::bit1489,0.0
RDkitFP-RDKit::bit1983,0.0
RDkitFP-RDKit::bit1512,0.0
RDkitFP-RDKit::bit1515,0.0
RDkitFP-RDKit::bit1988,0.0
RDkitFP-RDKit::bit1820,0.0
RDkitFP-RDKit::bit1719,0.0
RDkitFP-RDKit::bit1517,0.0
RDkitFP-RDKit::bit1518,0.0
RDkitFP-RDKit::bit1519,0.0
RDkitFP-RDKit::bit1985,0.0
RDkitFP-RDKit::bit1520,0.0
RDkitFP-RDKit::bit1521,0.0
RDkitFP-RDKit::bit1522,0.0
RDkitFP-RDKit::bit1984,0.0
RDkitFP-RDKit::bit1523,0.0
RDkitFP-RDKit::bit1982,0.0
RDkitFP-RDKit::bit1510,0.0
RDkitFP-RDKit::bit1981,0.0
RDkitFP-RDKit::bit1978,0.0
RDkitFP-RDKit::bit1977,0.0
RDkitFP-RDKit::bit1527,0.0
RDkitFP-RDKit::bit1529,0.0
RDkitFP-RDKit::bit1975,0.0
RDkitFP-RDKit::bit1827,0.0
RDkitFP-RDKit::bit1974,0.0
RDkitFP-RDKit::bit1531,0.0
RDkitFP-RDKit::bit1758,0.0
RDkitFP-RDKit::bit1973,0.0
RDkitFP-RDKit::bit1972,0.0
RDkitFP-RDKit::bit1971,0.0
RDkitFP-RDKit::bit1970,0.0
RDkitFP-RDKit::bit1991,0.0
RDkitFP-RDKit::bit1992,0.0
RDkitFP-RDKit::bit1969,0.0
RDkitFP-RDKit::bit2005,0.0
RDkitFP-RDKit::bit1490,0.0
RDkitFP-RDKit::bit2018,0.0
RDkitFP-RDKit::bit2016,0.0
RDkitFP-RDKit::bit2015,0.0
RDkitFP-RDKit::bit2014,0.0
RDkitFP-RDKit::bit1491,0.0
RDkitFP-RDKit::bit1766,0.0
RDkitFP-RDKit::bit2009,0.0
RDkitFP-RDKit::bit1493,0.0
RDkitFP-RDKit::bit2008,0.0
RDkitFP-RDKit::bit1494,0.0
RDkitFP-RDKit::bit2007,0.0
RDkitFP-RDKit::bit1496,0.0
RDKit2D::NumSaturatedCarbocycles,0.0
RDkitFP-RDKit::bit2003,0.0
RDkitFP-RDKit::bit1993,0.0
RDkitFP-RDKit::bit2002,0.0
RDkitFP-RDKit::bit1498,0.0
RDkitFP-RDKit::bit1762,0.0
RDkitFP-RDKit::bit1816,0.0
RDkitFP-RDKit::bit1761,0.0
RDkitFP-RDKit::bit2001,0.0
RDkitFP-RDKit::bit1760,0.0
RDkitFP-RDKit::bit1500,0.0
RDkitFP-RDKit::bit1759,0.0
RDkitFP-RDKit::bit1999,0.0
RDkitFP-RDKit::bit1818,0.0
RDkitFP-RDKit::bit1995,0.0
RDkitFP-RDKit::bit1506,0.0
RDkitFP-RDKit::bit1507,0.0
RDkitFP-RDKit::bit1535,0.0
RDkitFP-RDKit::bit1757,0.0
RDkitFP-RDKit::bit1936,0.0
RDkitFP-RDKit::bit1578,0.0
RDkitFP-RDKit::bit1568,0.0
RDkitFP-RDKit::bit1569,0.0
RDkitFP-RDKit::bit1948,0.0
RDkitFP-RDKit::bit1751,0.0
RDkitFP-RDKit::bit1573,0.0
RDkitFP-RDKit::bit1945,0.0
RDkitFP-RDKit::bit1944,0.0
RDkitFP-RDKit::bit1837,0.0
RDkitFP-RDKit::bit1943,0.0
RDkitFP-RDKit::bit1942,0.0
RDkitFP-RDKit::bit1838,0.0
RDkitFP-RDKit::bit1576,0.0
RDkitFP-RDKit::bit1577,0.0
RDkitFP-RDKit::bit1941,0.0
RDkitFP-RDKit::bit1579,0.0
RDkitFP-RDKit::bit1565,0.0
RDkitFP-RDKit::bit1580,0.0
RDkitFP-RDKit::bit1581,0.0
RDkitFP-RDKit::bit1582,0.0
RDkitFP-RDKit::bit1839,0.0
RDkitFP-RDKit::bit1584,0.0
RDkitFP-RDKit::bit1585,0.0
RDkitFP-RDKit::bit1586,0.0
RDkitFP-RDKit::bit1940,0.0
RDkitFP-RDKit::bit1588,0.0
RDkitFP-RDKit::bit1939,0.0
RDkitFP-RDKit::bit1748,0.0
RDkitFP-RDKit::bit1591,0.0
RDkitFP-RDKit::bit1937,0.0
RDkitFP-RDKit::bit1840,0.0
RDkitFP-RDKit::bit1567,0.0
RDkitFP-RDKit::bit1564,0.0
RDkitFP-RDKit::bit1536,0.0
RDkitFP-RDKit::bit1753,0.0
RDkitFP-RDKit::bit1830,0.0
RDkitFP-RDKit::bit1538,0.0
RDkitFP-RDKit::bit1966,0.0
RDkitFP-RDKit::bit1540,0.0
RDkitFP-RDKit::bit1541,0.0
RDkitFP-RDKit::bit1542,0.0
RDkitFP-RDKit::bit1831,0.0
RDkitFP-RDKit::bit1755,0.0
RDkitFP-RDKit::bit1754,0.0
RDkitFP-RDKit::bit1964,0.0
RDkitFP-RDKit::bit1546,0.0
RDkitFP-RDKit::bit1547,0.0
RDkitFP-RDKit::bit1548,0.0
RDkitFP-RDKit::bit1549,0.0
RDkitFP-RDKit::bit1797,0.0
RDkitFP-RDKit::bit1949,0.0
RDkitFP-RDKit::bit1959,0.0
RDkitFP-RDKit::bit1552,0.0
RDkitFP-RDKit::bit1958,0.0
RDkitFP-RDKit::bit1553,0.0
RDkitFP-RDKit::bit1957,0.0
RDkitFP-RDKit::bit1955,0.0
RDkitFP-RDKit::bit1954,0.0
RDkitFP-RDKit::bit1556,0.0
RDkitFP-RDKit::bit1953,0.0
RDkitFP-RDKit::bit1950,0.0
RDkitFP-RDKit::bit1557,0.0
RDkitFP-RDKit::bit1558,0.0
RDkitFP-RDKit::bit1560,0.0
RDkitFP-RDKit::bit1833,0.0
RDkitFP-RDKit::bit1738,0.0
RDKit2D::fr_Nhpyrrole,0.0
RDKit2D::fr_Ar_COO,0.0
RDkitFP-RDKit::bit410,0.0
RDkitFP-RDKit::bit428,0.0
RDkitFP-RDKit::bit426,0.0
RDkitFP-RDKit::bit425,0.0
RDkitFP-RDKit::bit424,0.0
RDkitFP-RDKit::bit423,0.0
RDkitFP-RDKit::bit422,0.0
RDkitFP-RDKit::bit420,0.0
RDkitFP-RDKit::bit416,0.0
RDkitFP-RDKit::bit415,0.0
RDkitFP-RDKit::bit411,0.0
RDkitFP-RDKit::bit409,0.0
RDkitFP-RDKit::bit389,0.0
RDkitFP-RDKit::bit408,0.0
RDkitFP-RDKit::bit407,0.0
RDkitFP-RDKit::bit403,0.0
RDkitFP-RDKit::bit401,0.0
RDkitFP-RDKit::bit398,0.0
RDkitFP-RDKit::bit397,0.0
RDkitFP-RDKit::bit395,0.0
RDkitFP-RDKit::bit394,0.0
RDkitFP-RDKit::bit392,0.0
RDkitFP-RDKit::bit391,0.0
RDkitFP-RDKit::bit430,0.0
RDkitFP-RDKit::bit431,0.0
RDkitFP-RDKit::bit432,0.0
RDkitFP-RDKit::bit440,0.0
RDkitFP-RDKit::bit476,0.0
RDkitFP-RDKit::bit474,0.0
RDkitFP-RDKit::bit472,0.0
RDkitFP-RDKit::bit471,0.0
RDkitFP-RDKit::bit463,0.0
RDkitFP-RDKit::bit462,0.0
RDkitFP-RDKit::bit461,0.0
RDkitFP-RDKit::bit456,0.0
RDkitFP-RDKit::bit455,0.0
RDkitFP-RDKit::bit454,0.0
RDkitFP-RDKit::bit453,0.0
RDkitFP-RDKit::bit452,0.0
RDkitFP-RDKit::bit451,0.0
RDkitFP-RDKit::bit449,0.0
RDkitFP-RDKit::bit448,0.0
RDkitFP-RDKit::bit447,0.0
RDkitFP-RDKit::bit446,0.0
RDkitFP-RDKit::bit444,0.0
RDkitFP-RDKit::bit443,0.0
RDkitFP-RDKit::bit442,0.0
RDkitFP-RDKit::bit441,0.0
RDkitFP-RDKit::bit390,0.0
RDkitFP-RDKit::bit388,0.0
RDkitFP-RDKit::bit480,0.0
RDkitFP-RDKit::bit325,0.0
RDkitFP-RDKit::bit341,0.0
RDkitFP-RDKit::bit340,0.0
RDkitFP-RDKit::bit334,0.0
RDkitFP-RDKit::bit333,0.0
RDkitFP-RDKit::bit332,0.0
RDkitFP-RDKit::bit331,0.0
RDkitFP-RDKit::bit330,0.0
RDkitFP-RDKit::bit329,0.0
RDkitFP-RDKit::bit327,0.0
RDkitFP-RDKit::bit326,0.0
RDkitFP-RDKit::bit324,0.0
RDkitFP-RDKit::bit385,0.0
RDkitFP-RDKit::bit323,0.0
RDkitFP-RDKit::bit322,0.0
RDkitFP-RDKit::bit320,0.0
RDkitFP-RDKit::bit319,0.0
RDkitFP-RDKit::bit317,0.0
RDkitFP-RDKit::bit316,0.0
RDkitFP-RDKit::bit315,0.0
RDkitFP-RDKit::bit313,0.0
RDkitFP-RDKit::bit312,0.0
RDkitFP-RDKit::bit309,0.0
RDkitFP-RDKit::bit342,0.0
RDkitFP-RDKit::bit347,0.0
RDkitFP-RDKit::bit348,0.0
RDkitFP-RDKit::bit349,0.0
RDkitFP-RDKit::bit384,0.0
RDkitFP-RDKit::bit380,0.0
RDkitFP-RDKit::bit378,0.0
RDkitFP-RDKit::bit377,0.0
RDkitFP-RDKit::bit376,0.0
RDkitFP-RDKit::bit374,0.0
RDkitFP-RDKit::bit373,0.0
RDkitFP-RDKit::bit372,0.0
RDkitFP-RDKit::bit371,0.0
RDkitFP-RDKit::bit369,0.0
RDkitFP-RDKit::bit368,0.0
RDkitFP-RDKit::bit367,0.0
RDkitFP-RDKit::bit366,0.0
RDkitFP-RDKit::bit365,0.0
RDkitFP-RDKit::bit362,0.0
RDkitFP-RDKit::bit361,0.0
RDkitFP-RDKit::bit358,0.0
RDkitFP-RDKit::bit355,0.0
RDkitFP-RDKit::bit354,0.0
RDkitFP-RDKit::bit352,0.0
RDkitFP-RDKit::bit351,0.0
RDkitFP-RDKit::bit477,0.0
RDkitFP-RDKit::bit481,0.0
RDkitFP-RDKit::bit305,0.0
RDkitFP-RDKit::bit575,0.0
RDkitFP-RDKit::bit600,0.0
RDkitFP-RDKit::bit599,0.0
RDkitFP-RDKit::bit595,0.0
RDkitFP-RDKit::bit593,0.0
RDkitFP-RDKit::bit592,0.0
RDkitFP-RDKit::bit590,0.0
RDkitFP-RDKit::bit588,0.0
RDkitFP-RDKit::bit587,0.0
RDkitFP-RDKit::bit577,0.0
RDkitFP-RDKit::bit576,0.0
RDkitFP-RDKit::bit573,0.0
RDkitFP-RDKit::bit560,0.0
RDkitFP-RDKit::bit572,0.0
RDkitFP-RDKit::bit571,0.0
RDkitFP-RDKit::bit570,0.0
RDkitFP-RDKit::bit569,0.0
RDkitFP-RDKit::bit567,0.0
RDkitFP-RDKit::bit566,0.0
RDkitFP-RDKit::bit565,0.0
RDkitFP-RDKit::bit564,0.0
RDkitFP-RDKit::bit563,0.0
RDkitFP-RDKit::bit562,0.0
RDkitFP-RDKit::bit602,0.0
RDkitFP-RDKit::bit604,0.0
RDkitFP-RDKit::bit606,0.0
RDkitFP-RDKit::bit607,0.0
RDkitFP-RDKit::bit643,0.0
RDkitFP-RDKit::bit639,0.0
RDkitFP-RDKit::bit638,0.0
RDkitFP-RDKit::bit637,0.0
RDkitFP-RDKit::bit635,0.0
RDkitFP-RDKit::bit634,0.0
RDkitFP-RDKit::bit633,0.0
RDkitFP-RDKit::bit631,0.0
RDkitFP-RDKit::bit630,0.0
RDkitFP-RDKit::bit629,0.0
RDkitFP-RDKit::bit628,0.0
RDkitFP-RDKit::bit626,0.0
RDkitFP-RDKit::bit625,0.0
RDkitFP-RDKit::bit621,0.0
RDkitFP-RDKit::bit620,0.0
RDkitFP-RDKit::bit619,0.0
RDkitFP-RDKit::bit618,0.0
RDkitFP-RDKit::bit615,0.0
RDkitFP-RDKit::bit612,0.0
RDkitFP-RDKit::bit611,0.0
RDkitFP-RDKit::bit610,0.0
RDkitFP-RDKit::bit561,0.0
RDkitFP-RDKit::bit559,0.0
RDkitFP-RDKit::bit483,0.0
RDkitFP-RDKit::bit499,0.0
RDkitFP-RDKit::bit515,0.0
RDkitFP-RDKit::bit513,0.0
RDkitFP-RDKit::bit512,0.0
RDkitFP-RDKit::bit510,0.0
RDkitFP-RDKit::bit507,0.0
RDkitFP-RDKit::bit505,0.0
RDkitFP-RDKit::bit504,0.0
RDkitFP-RDKit::bit503,0.0
RDkitFP-RDKit::bit502,0.0
RDkitFP-RDKit::bit501,0.0
RDkitFP-RDKit::bit498,0.0
RDkitFP-RDKit::bit556,0.0
RDkitFP-RDKit::bit496,0.0
RDkitFP-RDKit::bit495,0.0
RDkitFP-RDKit::bit494,0.0
RDkitFP-RDKit::bit493,0.0
RDkitFP-RDKit::bit492,0.0
RDkitFP-RDKit::bit489,0.0
RDkitFP-RDKit::bit488,0.0
RDkitFP-RDKit::bit487,0.0
RDkitFP-RDKit::bit486,0.0
RDkitFP-RDKit::bit484,0.0
RDkitFP-RDKit::bit516,0.0
RDkitFP-RDKit::bit517,0.0
RDkitFP-RDKit::bit521,0.0
RDkitFP-RDKit::bit522,0.0
RDkitFP-RDKit::bit555,0.0
RDkitFP-RDKit::bit553,0.0
RDkitFP-RDKit::bit552,0.0
RDkitFP-RDKit::bit551,0.0
RDkitFP-RDKit::bit549,0.0
RDkitFP-RDKit::bit548,0.0
RDkitFP-RDKit::bit546,0.0
RDkitFP-RDKit::bit545,0.0
RDkitFP-RDKit::bit544,0.0
RDkitFP-RDKit::bit543,0.0
RDkitFP-RDKit::bit541,0.0
RDkitFP-RDKit::bit539,0.0
RDkitFP-RDKit::bit537,0.0
RDkitFP-RDKit::bit533,0.0
RDkitFP-RDKit::bit532,0.0
RDkitFP-RDKit::bit531,0.0
RDkitFP-RDKit::bit530,0.0
RDkitFP-RDKit::bit528,0.0
RDkitFP-RDKit::bit527,0.0
RDkitFP-RDKit::bit525,0.0
RDkitFP-RDKit::bit524,0.0
RDkitFP-RDKit::bit308,0.0
RDkitFP-RDKit::bit303,0.0
RDkitFP-RDKit::bit647,0.0
RDkitFP-RDKit::bit67,0.0
RDkitFP-RDKit::bit84,0.0
RDkitFP-RDKit::bit83,0.0
RDkitFP-RDKit::bit82,0.0
RDkitFP-RDKit::bit81,0.0
RDkitFP-RDKit::bit77,0.0
RDkitFP-RDKit::bit76,0.0
RDkitFP-RDKit::bit74,0.0
RDkitFP-RDKit::bit73,0.0
RDkitFP-RDKit::bit71,0.0
RDkitFP-RDKit::bit70,0.0
RDkitFP-RDKit::bit66,0.0
RDkitFP-RDKit::bit43,0.0
RDkitFP-RDKit::bit62,0.0
RDkitFP-RDKit::bit61,0.0
RDkitFP-RDKit::bit60,0.0
RDkitFP-RDKit::bit57,0.0
RDkitFP-RDKit::bit56,0.0
RDkitFP-RDKit::bit54,0.0
RDkitFP-RDKit::bit51,0.0
RDkitFP-RDKit::bit50,0.0
RDkitFP-RDKit::bit48,0.0
RDkitFP-RDKit::bit45,0.0
RDKit2D::fr_N_O,0.0
RDkitFP-RDKit::bit87,0.0
RDkitFP-RDKit::bit89,0.0
RDkitFP-RDKit::bit90,0.0
RDkitFP-RDKit::bit127,0.0
RDkitFP-RDKit::bit126,0.0
RDkitFP-RDKit::bit124,0.0
RDkitFP-RDKit::bit123,0.0
RDkitFP-RDKit::bit121,0.0
RDkitFP-RDKit::bit120,0.0
RDkitFP-RDKit::bit119,0.0
RDkitFP-RDKit::bit116,0.0
RDkitFP-RDKit::bit115,0.0
RDkitFP-RDKit::bit112,0.0
RDkitFP-RDKit::bit111,0.0
RDkitFP-RDKit::bit110,0.0
RDkitFP-RDKit::bit109,0.0
RDkitFP-RDKit::bit106,0.0
RDkitFP-RDKit::bit101,0.0
RDkitFP-RDKit::bit100,0.0
RDkitFP-RDKit::bit98,0.0
RDkitFP-RDKit::bit96,0.0
RDkitFP-RDKit::bit95,0.0
RDkitFP-RDKit::bit94,0.0
RDkitFP-RDKit::bit93,0.0
RDkitFP-RDKit::bit44,0.0
RDkitFP-RDKit::bit36,0.0
RDkitFP-RDKit::bit130,0.0
RDKit2D::fr_imide,0.0
RDKit2D::fr_phenol_noOrthoHbond,0.0
RDKit2D::fr_oxime,0.0
RDKit2D::fr_nitroso,0.0
RDKit2D::fr_nitro_arom_nonortho,0.0
RDKit2D::fr_nitro_arom,0.0
RDKit2D::fr_nitro,0.0
RDKit2D::fr_nitrile,0.0
RDKit2D::fr_lactone,0.0
RDKit2D::fr_isothiocyan,0.0
RDKit2D::fr_isocyan,0.0
RDKit2D::fr_imidazole,0.0
RDkitFP-RDKit::bit35,0.0
RDKit2D::fr_hdrzine,0.0
RDKit2D::fr_halogen,0.0
RDKit2D::fr_guanido,0.0
RDKit2D::fr_epoxide,0.0
RDKit2D::fr_dihydropyridine,0.0
RDKit2D::fr_diazo,0.0
RDKit2D::fr_barbitur,0.0
RDKit2D::fr_azo,0.0
RDKit2D::fr_azide,0.0
RDKit2D::fr_aldehyde,0.0
RDKit2D::fr_phos_acid,0.0
RDKit2D::fr_phos_ester,0.0
RDKit2D::fr_prisulfonamd,0.0
RDKit2D::fr_sulfide,0.0
RDkitFP-RDKit::bit33,0.0
RDkitFP-RDKit::bit32,0.0
RDkitFP-RDKit::bit31,0.0
RDkitFP-RDKit::bit27,0.0
RDkitFP-RDKit::bit26,0.0
RDkitFP-RDKit::bit23,0.0
RDkitFP-RDKit::bit22,0.0
RDkitFP-RDKit::bit21,0.0
RDkitFP-RDKit::bit20,0.0
RDkitFP-RDKit::bit18,0.0
RDkitFP-RDKit::bit17,0.0
RDkitFP-RDKit::bit13,0.0
RDkitFP-RDKit::bit12,0.0
RDkitFP-RDKit::bit10,0.0
RDkitFP-RDKit::bit9,0.0
RDkitFP-RDKit::bit8,0.0
RDkitFP-RDKit::bit5,0.0
RDkitFP-RDKit::bit0,0.0
RDKit2D::fr_thiocyan,0.0
RDKit2D::fr_tetrazole,0.0
RDKit2D::fr_term_acetylene,0.0
RDkitFP-RDKit::bit129,0.0
RDkitFP-RDKit::bit132,0.0
RDkitFP-RDKit::bit300,0.0
RDkitFP-RDKit::bit236,0.0
RDkitFP-RDKit::bit250,0.0
RDkitFP-RDKit::bit249,0.0
RDkitFP-RDKit::bit248,0.0
RDkitFP-RDKit::bit247,0.0
RDkitFP-RDKit::bit246,0.0
RDkitFP-RDKit::bit244,0.0
RDkitFP-RDKit::bit243,0.0
RDkitFP-RDKit::bit240,0.0
RDkitFP-RDKit::bit239,0.0
RDkitFP-RDKit::bit238,0.0
RDkitFP-RDKit::bit233,0.0
RDkitFP-RDKit::bit215,0.0
RDkitFP-RDKit::bit232,0.0
RDkitFP-RDKit::bit229,0.0
RDkitFP-RDKit::bit228,0.0
RDkitFP-RDKit::bit226,0.0
RDkitFP-RDKit::bit224,0.0
RDkitFP-RDKit::bit223,0.0
RDkitFP-RDKit::bit222,0.0
RDkitFP-RDKit::bit221,0.0
RDkitFP-RDKit::bit219,0.0
RDkitFP-RDKit::bit218,0.0
RDkitFP-RDKit::bit251,0.0
RDkitFP-RDKit::bit252,0.0
RDkitFP-RDKit::bit253,0.0
RDkitFP-RDKit::bit257,0.0
RDkitFP-RDKit::bit298,0.0
RDkitFP-RDKit::bit295,0.0
RDkitFP-RDKit::bit294,0.0
RDkitFP-RDKit::bit290,0.0
RDkitFP-RDKit::bit289,0.0
RDkitFP-RDKit::bit285,0.0
RDkitFP-RDKit::bit283,0.0
RDkitFP-RDKit::bit282,0.0
RDkitFP-RDKit::bit281,0.0
RDkitFP-RDKit::bit280,0.0
RDkitFP-RDKit::bit279,0.0
RDkitFP-RDKit::bit277,0.0
RDkitFP-RDKit::bit275,0.0
RDkitFP-RDKit::bit274,0.0
RDkitFP-RDKit::bit271,0.0
RDkitFP-RDKit::bit269,0.0
RDkitFP-RDKit::bit266,0.0
RDkitFP-RDKit::bit265,0.0
RDkitFP-RDKit::bit264,0.0
RDkitFP-RDKit::bit261,0.0
RDkitFP-RDKit::bit258,0.0
RDkitFP-RDKit::bit217,0.0
RDkitFP-RDKit::bit214,0.0
RDkitFP-RDKit::bit135,0.0
RDkitFP-RDKit::bit154,0.0
RDkitFP-RDKit::bit167,0.0
RDkitFP-RDKit::bit166,0.0
RDkitFP-RDKit::bit164,0.0
RDkitFP-RDKit::bit163,0.0
RDkitFP-RDKit::bit161,0.0
RDkitFP-RDKit::bit160,0.0
RDkitFP-RDKit::bit159,0.0
RDkitFP-RDKit::bit158,0.0
RDkitFP-RDKit::bit156,0.0
RDkitFP-RDKit::bit155,0.0
RDkitFP-RDKit::bit153,0.0
RDkitFP-RDKit::bit211,0.0
RDkitFP-RDKit::bit152,0.0
RDkitFP-RDKit::bit151,0.0
RDkitFP-RDKit::bit150,0.0
RDkitFP-RDKit::bit149,0.0
RDkitFP-RDKit::bit148,0.0
RDkitFP-RDKit::bit145,0.0
RDkitFP-RDKit::bit144,0.0
RDkitFP-RDKit::bit142,0.0
RDkitFP-RDKit::bit140,0.0
RDkitFP-RDKit::bit139,0.0
RDkitFP-RDKit::bit169,0.0
RDkitFP-RDKit::bit170,0.0
RDkitFP-RDKit::bit171,0.0
RDkitFP-RDKit::bit172,0.0
RDkitFP-RDKit::bit208,0.0
RDkitFP-RDKit::bit204,0.0
RDkitFP-RDKit::bit202,0.0
RDkitFP-RDKit::bit201,0.0
RDkitFP-RDKit::bit196,0.0
RDkitFP-RDKit::bit194,0.0
RDkitFP-RDKit::bit193,0.0
RDkitFP-RDKit::bit192,0.0
RDkitFP-RDKit::bit190,0.0
RDkitFP-RDKit::bit188,0.0
RDkitFP-RDKit::bit187,0.0
RDkitFP-RDKit::bit185,0.0
RDkitFP-RDKit::bit184,0.0
RDkitFP-RDKit::bit183,0.0
RDkitFP-RDKit::bit182,0.0
RDkitFP-RDKit::bit181,0.0
RDkitFP-RDKit::bit180,0.0
RDkitFP-RDKit::bit179,0.0
RDkitFP-RDKit::bit178,0.0
RDkitFP-RDKit::bit177,0.0
RDkitFP-RDKit::bit175,0.0
RDkitFP-RDKit::bit646,0.0
RDkitFP-RDKit::bit650,0.0
RDkitFP-RDKit::bit1311,0.0
RDkitFP-RDKit::bit1089,0.0
RDKit2D::fr_Ar_NH,0.0
RDkitFP-RDKit::bit1099,0.0
RDkitFP-RDKit::bit1098,0.0
RDkitFP-RDKit::bit1097,0.0
RDkitFP-RDKit::bit1096,0.0
RDkitFP-RDKit::bit1095,0.0
RDkitFP-RDKit::bit1094,0.0
RDkitFP-RDKit::bit1093,0.0
RDkitFP-RDKit::bit1091,0.0
RDkitFP-RDKit::bit1090,0.0
RDkitFP-RDKit::bit1088,0.0
RDkitFP-RDKit::bit1067,0.0
RDkitFP-RDKit::bit1086,0.0
RDkitFP-RDKit::bit1084,0.0
RDkitFP-RDKit::bit1083,0.0
RDkitFP-RDKit::bit1082,0.0
RDkitFP-RDKit::bit1080,0.0
RDkitFP-RDKit::bit1078,0.0
RDkitFP-RDKit::bit1077,0.0
RDkitFP-RDKit::bit1075,0.0
RDkitFP-RDKit::bit1071,0.0
RDkitFP-RDKit::bit1069,0.0
RDkitFP-RDKit::bit1103,0.0
RDkitFP-RDKit::bit1104,0.0
RDkitFP-RDKit::bit1105,0.0
RDkitFP-RDKit::bit1106,0.0
RDkitFP-RDKit::bit1138,0.0
RDkitFP-RDKit::bit1137,0.0
RDkitFP-RDKit::bit1134,0.0
RDkitFP-RDKit::bit1132,0.0
RDkitFP-RDKit::bit1131,0.0
RDkitFP-RDKit::bit1130,0.0
RDkitFP-RDKit::bit1129,0.0
RDkitFP-RDKit::bit1128,0.0
RDkitFP-RDKit::bit1126,0.0
RDkitFP-RDKit::bit1124,0.0
RDkitFP-RDKit::bit1123,0.0
RDkitFP-RDKit::bit1121,0.0
RDkitFP-RDKit::bit1120,0.0
RDkitFP-RDKit::bit1117,0.0
RDkitFP-RDKit::bit1116,0.0
RDkitFP-RDKit::bit1115,0.0
RDkitFP-RDKit::bit1114,0.0
RDkitFP-RDKit::bit1113,0.0
RDkitFP-RDKit::bit1112,0.0
RDkitFP-RDKit::bit1110,0.0
RDkitFP-RDKit::bit1107,0.0
RDkitFP-RDKit::bit1068,0.0
RDkitFP-RDKit::bit1066,0.0
RDkitFP-RDKit::bit1143,0.0
RDkitFP-RDKit::bit1001,0.0
RDkitFP-RDKit::bit1025,0.0
RDkitFP-RDKit::bit1024,0.0
RDkitFP-RDKit::bit1018,0.0
RDkitFP-RDKit::bit1013,0.0
RDkitFP-RDKit::bit1012,0.0
RDkitFP-RDKit::bit1010,0.0
RDkitFP-RDKit::bit1007,0.0
RDkitFP-RDKit::bit1005,0.0
RDKit2D::fr_COO2,0.0
RDkitFP-RDKit::bit1002,0.0
RDkitFP-RDKit::bit1000,0.0
RDkitFP-RDKit::bit1065,0.0
RDkitFP-RDKit::bit999,0.0
RDkitFP-RDKit::bit998,0.0
RDkitFP-RDKit::bit996,0.0
RDkitFP-RDKit::bit995,0.0
RDkitFP-RDKit::bit994,0.0
RDkitFP-RDKit::bit992,0.0
RDkitFP-RDKit::bit989,0.0
RDkitFP-RDKit::bit988,0.0
RDkitFP-RDKit::bit987,0.0
RDkitFP-RDKit::bit981,0.0
RDkitFP-RDKit::bit1026,0.0
RDkitFP-RDKit::bit1027,0.0
RDkitFP-RDKit::bit1029,0.0
RDkitFP-RDKit::bit1031,0.0
RDkitFP-RDKit::bit1064,0.0
RDkitFP-RDKit::bit1063,0.0
RDkitFP-RDKit::bit1062,0.0
RDkitFP-RDKit::bit1061,0.0
RDkitFP-RDKit::bit1060,0.0
RDkitFP-RDKit::bit1059,0.0
RDkitFP-RDKit::bit1058,0.0
RDKit2D::fr_COO,0.0
RDkitFP-RDKit::bit1056,0.0
RDkitFP-RDKit::bit1055,0.0
RDkitFP-RDKit::bit1054,0.0
RDkitFP-RDKit::bit1052,0.0
RDkitFP-RDKit::bit1051,0.0
RDkitFP-RDKit::bit1050,0.0
RDkitFP-RDKit::bit1049,0.0
RDkitFP-RDKit::bit1047,0.0
RDkitFP-RDKit::bit1044,0.0
RDkitFP-RDKit::bit1043,0.0
RDkitFP-RDKit::bit1041,0.0
RDkitFP-RDKit::bit1040,0.0
RDKit2D::fr_SH,0.0
RDkitFP-RDKit::bit1139,0.0
RDkitFP-RDKit::bit1144,0.0
RDkitFP-RDKit::bit979,0.0
RDkitFP-RDKit::bit1255,0.0
RDkitFP-RDKit::bit1269,0.0
RDkitFP-RDKit::bit1268,0.0
RDkitFP-RDKit::bit1267,0.0
RDkitFP-RDKit::bit1266,0.0
RDkitFP-RDKit::bit1264,0.0
RDkitFP-RDKit::bit1263,0.0
RDkitFP-RDKit::bit1262,0.0
RDkitFP-RDKit::bit1261,0.0
RDkitFP-RDKit::bit1257,0.0
RDkitFP-RDKit::bit1256,0.0
RDkitFP-RDKit::bit1254,0.0
RDkitFP-RDKit::bit1227,0.0
RDkitFP-RDKit::bit1253,0.0
RDkitFP-RDKit::bit1252,0.0
RDkitFP-RDKit::bit1251,0.0
RDkitFP-RDKit::bit1249,0.0
RDkitFP-RDKit::bit1248,0.0
RDkitFP-RDKit::bit1246,0.0
RDkitFP-RDKit::bit1243,0.0
RDkitFP-RDKit::bit1239,0.0
RDkitFP-RDKit::bit1233,0.0
RDkitFP-RDKit::bit1230,0.0
RDkitFP-RDKit::bit1270,0.0
RDkitFP-RDKit::bit1274,0.0
RDkitFP-RDKit::bit1275,0.0
RDkitFP-RDKit::bit1276,0.0
RDkitFP-RDKit::bit1309,0.0
RDkitFP-RDKit::bit1308,0.0
RDkitFP-RDKit::bit1307,0.0
RDkitFP-RDKit::bit1306,0.0
RDkitFP-RDKit::bit1305,0.0
RDkitFP-RDKit::bit1303,0.0
RDkitFP-RDKit::bit1302,0.0
RDkitFP-RDKit::bit1297,0.0
RDkitFP-RDKit::bit1296,0.0
RDkitFP-RDKit::bit1295,0.0
RDkitFP-RDKit::bit1292,0.0
RDkitFP-RDKit::bit1289,0.0
RDkitFP-RDKit::bit1288,0.0
RDkitFP-RDKit::bit1286,0.0
RDkitFP-RDKit::bit1285,0.0
RDkitFP-RDKit::bit1283,0.0
RDkitFP-RDKit::bit1282,0.0
RDkitFP-RDKit::bit1281,0.0
RDkitFP-RDKit::bit1280,0.0
RDkitFP-RDKit::bit1278,0.0
RDkitFP-RDKit::bit1277,0.0
RDkitFP-RDKit::bit1229,0.0
RDkitFP-RDKit::bit1225,0.0
RDkitFP-RDKit::bit1145,0.0
RDkitFP-RDKit::bit1164,0.0
RDkitFP-RDKit::bit1178,0.0
RDkitFP-RDKit::bit1177,0.0
RDkitFP-RDKit::bit1176,0.0
RDkitFP-RDKit::bit1175,0.0
RDkitFP-RDKit::bit1174,0.0
RDkitFP-RDKit::bit1173,0.0
RDkitFP-RDKit::bit1170,0.0
RDkitFP-RDKit::bit1169,0.0
RDkitFP-RDKit::bit1167,0.0
RDkitFP-RDKit::bit1165,0.0
RDkitFP-RDKit::bit1162,0.0
RDkitFP-RDKit::bit1223,0.0
RDkitFP-RDKit::bit1161,0.0
RDkitFP-RDKit::bit1157,0.0
RDkitFP-RDKit::bit1155,0.0
RDkitFP-RDKit::bit1154,0.0
RDkitFP-RDKit::bit1153,0.0
RDkitFP-RDKit::bit1152,0.0
RDkitFP-RDKit::bit1150,0.0
RDkitFP-RDKit::bit1149,0.0
RDkitFP-RDKit::bit1148,0.0
RDkitFP-RDKit::bit1147,0.0
RDkitFP-RDKit::bit1179,0.0
RDkitFP-RDKit::bit1180,0.0
RDkitFP-RDKit::bit1181,0.0
RDkitFP-RDKit::bit1182,0.0
RDkitFP-RDKit::bit1221,0.0
RDkitFP-RDKit::bit1219,0.0
RDkitFP-RDKit::bit1218,0.0
RDkitFP-RDKit::bit1217,0.0
RDkitFP-RDKit::bit1212,0.0
RDkitFP-RDKit::bit1209,0.0
RDkitFP-RDKit::bit1207,0.0
RDkitFP-RDKit::bit1205,0.0
RDkitFP-RDKit::bit1204,0.0
RDkitFP-RDKit::bit1199,0.0
RDkitFP-RDKit::bit1198,0.0
RDkitFP-RDKit::bit1197,0.0
RDkitFP-RDKit::bit1195,0.0
RDkitFP-RDKit::bit1194,0.0
RDkitFP-RDKit::bit1193,0.0
RDkitFP-RDKit::bit1192,0.0
RDkitFP-RDKit::bit1190,0.0
RDkitFP-RDKit::bit1189,0.0
RDkitFP-RDKit::bit1188,0.0
RDkitFP-RDKit::bit1187,0.0
RDkitFP-RDKit::bit1185,0.0
RDkitFP-RDKit::bit980,0.0
RDkitFP-RDKit::bit977,0.0
RDkitFP-RDKit::bit652,0.0
RDkitFP-RDKit::bit757,0.0
RDkitFP-RDKit::bit769,0.0
RDkitFP-RDKit::bit768,0.0
RDkitFP-RDKit::bit766,0.0
RDkitFP-RDKit::bit765,0.0
RDkitFP-RDKit::bit764,0.0
RDkitFP-RDKit::bit763,0.0
RDkitFP-RDKit::bit762,0.0
RDkitFP-RDKit::bit761,0.0
RDkitFP-RDKit::bit760,0.0
RDkitFP-RDKit::bit758,0.0
RDkitFP-RDKit::bit756,0.0
RDkitFP-RDKit::bit731,0.0
RDkitFP-RDKit::bit755,0.0
RDkitFP-RDKit::bit753,0.0
RDkitFP-RDKit::bit751,0.0
RDkitFP-RDKit::bit746,0.0
RDkitFP-RDKit::bit742,0.0
RDkitFP-RDKit::bit741,0.0
RDkitFP-RDKit::bit740,0.0
RDkitFP-RDKit::bit739,0.0
RDkitFP-RDKit::bit736,0.0
RDkitFP-RDKit::bit734,0.0
RDkitFP-RDKit::bit772,0.0
RDkitFP-RDKit::bit774,0.0
RDkitFP-RDKit::bit777,0.0
RDkitFP-RDKit::bit778,0.0
RDkitFP-RDKit::bit805,0.0
RDkitFP-RDKit::bit803,0.0
RDkitFP-RDKit::bit802,0.0
RDkitFP-RDKit::bit801,0.0
RDkitFP-RDKit::bit800,0.0
RDkitFP-RDKit::bit799,0.0
RDkitFP-RDKit::bit797,0.0
RDkitFP-RDKit::bit796,0.0
RDkitFP-RDKit::bit795,0.0
RDkitFP-RDKit::bit794,0.0
RDKit2D::fr_HOCCN,0.0
RDkitFP-RDKit::bit792,0.0
RDkitFP-RDKit::bit791,0.0
RDkitFP-RDKit::bit790,0.0
RDkitFP-RDKit::bit787,0.0
RDkitFP-RDKit::bit786,0.0
RDkitFP-RDKit::bit785,0.0
RDkitFP-RDKit::bit782,0.0
RDkitFP-RDKit::bit781,0.0
RDkitFP-RDKit::bit780,0.0
RDkitFP-RDKit::bit779,0.0
RDkitFP-RDKit::bit732,0.0
RDkitFP-RDKit::bit730,0.0
RDkitFP-RDKit::bit807,0.0
RDkitFP-RDKit::bit669,0.0
RDkitFP-RDKit::bit686,0.0
RDkitFP-RDKit::bit685,0.0
RDkitFP-RDKit::bit681,0.0
RDkitFP-RDKit::bit680,0.0
RDkitFP-RDKit::bit679,0.0
RDkitFP-RDKit::bit677,0.0
RDkitFP-RDKit::bit676,0.0
RDkitFP-RDKit::bit675,0.0
RDkitFP-RDKit::bit674,0.0
RDkitFP-RDKit::bit671,0.0
RDkitFP-RDKit::bit668,0.0
RDkitFP-RDKit::bit729,0.0
RDkitFP-RDKit::bit664,0.0
RDkitFP-RDKit::bit663,0.0
RDkitFP-RDKit::bit662,0.0
RDkitFP-RDKit::bit661,0.0
RDkitFP-RDKit::bit660,0.0
RDkitFP-RDKit::bit659,0.0
RDkitFP-RDKit::bit658,0.0
RDkitFP-RDKit::bit655,0.0
RDkitFP-RDKit::bit654,0.0
RDkitFP-RDKit::bit653,0.0
RDkitFP-RDKit::bit687,0.0
RDkitFP-RDKit::bit688,0.0
RDkitFP-RDKit::bit689,0.0
RDkitFP-RDKit::bit690,0.0
RDkitFP-RDKit::bit727,0.0
RDkitFP-RDKit::bit726,0.0
RDkitFP-RDKit::bit725,0.0
RDkitFP-RDKit::bit724,0.0
RDkitFP-RDKit::bit723,0.0
RDkitFP-RDKit::bit720,0.0
RDkitFP-RDKit::bit719,0.0
RDkitFP-RDKit::bit716,0.0
RDkitFP-RDKit::bit714,0.0
RDkitFP-RDKit::bit713,0.0
RDkitFP-RDKit::bit712,0.0
RDkitFP-RDKit::bit711,0.0
RDkitFP-RDKit::bit710,0.0
RDkitFP-RDKit::bit709,0.0
RDkitFP-RDKit::bit706,0.0
RDkitFP-RDKit::bit705,0.0
RDkitFP-RDKit::bit704,0.0
RDkitFP-RDKit::bit700,0.0
RDkitFP-RDKit::bit699,0.0
RDkitFP-RDKit::bit694,0.0
RDkitFP-RDKit::bit691,0.0
RDkitFP-RDKit::bit806,0.0
RDkitFP-RDKit::bit808,0.0
RDkitFP-RDKit::bit975,0.0
RDkitFP-RDKit::bit906,0.0
RDkitFP-RDKit::bit924,0.0
RDkitFP-RDKit::bit923,0.0
RDkitFP-RDKit::bit922,0.0
RDkitFP-RDKit::bit919,0.0
RDkitFP-RDKit::bit917,0.0
RDkitFP-RDKit::bit916,0.0
RDkitFP-RDKit::bit914,0.0
RDkitFP-RDKit::bit913,0.0
RDkitFP-RDKit::bit911,0.0
RDkitFP-RDKit::bit909,0.0
RDkitFP-RDKit::bit904,0.0
RDkitFP-RDKit::bit892,0.0
RDkitFP-RDKit::bit903,0.0
RDkitFP-RDKit::bit902,0.0
RDkitFP-RDKit::bit901,0.0
RDkitFP-RDKit::bit900,0.0
RDkitFP-RDKit::bit899,0.0
RDkitFP-RDKit::bit898,0.0
RDkitFP-RDKit::bit897,0.0
RDkitFP-RDKit::bit896,0.0
RDkitFP-RDKit::bit895,0.0
RDkitFP-RDKit::bit894,0.0
RDkitFP-RDKit::bit925,0.0
RDkitFP-RDKit::bit926,0.0
RDkitFP-RDKit::bit929,0.0
RDkitFP-RDKit::bit930,0.0
RDkitFP-RDKit::bit972,0.0
RDkitFP-RDKit::bit969,0.0
RDkitFP-RDKit::bit967,0.0
RDkitFP-RDKit::bit964,0.0
RDkitFP-RDKit::bit962,0.0
RDkitFP-RDKit::bit959,0.0
RDkitFP-RDKit::bit958,0.0
RDkitFP-RDKit::bit957,0.0
RDkitFP-RDKit::bit956,0.0
RDkitFP-RDKit::bit953,0.0
RDkitFP-RDKit::bit952,0.0
RDkitFP-RDKit::bit951,0.0
RDkitFP-RDKit::bit950,0.0
RDkitFP-RDKit::bit944,0.0
RDkitFP-RDKit::bit940,0.0
RDkitFP-RDKit::bit939,0.0
RDkitFP-RDKit::bit937,0.0
RDkitFP-RDKit::bit934,0.0
RDkitFP-RDKit::bit933,0.0
RDkitFP-RDKit::bit932,0.0
RDkitFP-RDKit::bit931,0.0
RDkitFP-RDKit::bit893,0.0
RDkitFP-RDKit::bit890,0.0
RDkitFP-RDKit::bit810,0.0
RDkitFP-RDKit::bit829,0.0
RDkitFP-RDKit::bit849,0.0
RDkitFP-RDKit::bit848,0.0
RDkitFP-RDKit::bit843,0.0
RDkitFP-RDKit::bit842,0.0
RDkitFP-RDKit::bit840,0.0
RDkitFP-RDKit::bit836,0.0
RDkitFP-RDKit::bit835,0.0
RDkitFP-RDKit::bit834,0.0
RDkitFP-RDKit::bit833,0.0
RDkitFP-RDKit::bit830,0.0
RDkitFP-RDKit::bit828,0.0
RDkitFP-RDKit::bit889,0.0
RDKit2D::fr_C_S,0.0
RDkitFP-RDKit::bit826,0.0
RDkitFP-RDKit::bit824,0.0
RDkitFP-RDKit::bit823,0.0
RDkitFP-RDKit::bit822,0.0
RDkitFP-RDKit::bit821,0.0
RDkitFP-RDKit::bit816,0.0
RDkitFP-RDKit::bit815,0.0
RDkitFP-RDKit::bit814,0.0
RDkitFP-RDKit::bit812,0.0
RDkitFP-RDKit::bit850,0.0
RDkitFP-RDKit::bit851,0.0
RDkitFP-RDKit::bit852,0.0
RDkitFP-RDKit::bit853,0.0
RDkitFP-RDKit::bit888,0.0
RDkitFP-RDKit::bit887,0.0
RDkitFP-RDKit::bit884,0.0
RDkitFP-RDKit::bit880,0.0
RDkitFP-RDKit::bit879,0.0
RDkitFP-RDKit::bit875,0.0
RDkitFP-RDKit::bit874,0.0
RDkitFP-RDKit::bit873,0.0
RDkitFP-RDKit::bit871,0.0
RDkitFP-RDKit::bit870,0.0
RDkitFP-RDKit::bit868,0.0
RDkitFP-RDKit::bit867,0.0
RDkitFP-RDKit::bit866,0.0
RDkitFP-RDKit::bit865,0.0
RDkitFP-RDKit::bit864,0.0
RDkitFP-RDKit::bit863,0.0
RDkitFP-RDKit::bit860,0.0
RDkitFP-RDKit::bit859,0.0
RDkitFP-RDKit::bit858,0.0
RDkitFP-RDKit::bit856,0.0
RDkitFP-RDKit::bit854,0.0
RDkitFP-RDKit::bit1033,0.0
